name,link_startupeu,link_website,city,region,category,top_3_keywords,business_model,linkedin_global_profile,linkedin_valid,instagram_valid,x_valid,age,total_funding_listing,headline_non_financial_count,description_writing_score,description_market_readiness_score,description_founder_signal_score,description_word_count,description_jargon_density,description_numeric_evidence_count,status
Avdain,https://www.eu-startups.com/directory/avdain/,avdain.com,Vienna,Vienna,Software & Analytics,"['innovation', 'academic', 'entrepreneurial']",B2B,False,False,False,False,5,No funding announced yet,0,8,6,8,290,0.25,0,no_funding
SurveySensum,https://www.eu-startups.com/directory/surveysensum/,surveysensum.com,vienna,Vienna,Software & Analytics,"['customer feedback', 'CX', 'business goals']",B2B,True,True,True,True,7,No funding announced yet,0,8,8,6,203,0.2,0,no_funding
Artypa,https://www.eu-startups.com/directory/artypa/,artypa.com,Vienna,Vienna,Software & Analytics,"['AI', 'platform', 'efficiency']",B2B,False,False,True,False,1,No funding announced yet,0,8,6,5,335,0.2,0,no_funding
Podpally,https://www.eu-startups.com/directory/podpally/,podpally.com,Tyrol,Tyrol,Software & Analytics,"['podcast', 'research', 'prep']",B2B,False,False,False,False,1,No funding announced yet,0,8,6,5,139,0.14,0,no_funding
Wedding Capsule,https://www.eu-startups.com/directory/wedding-capsule/,weddingcapsule.net,Lochau,Vorarlberg,Software & Analytics,"['guestbook', 'memories', 'wedding']",B2C,False,False,False,True,1,No funding announced yet,0,8,7,6,392,0.1,0,no_funding
Hyrox Training Plans,https://www.eu-startups.com/directory/hyrox-training-plans/,hyroxtrainingplans.com,Ober-wolfsbach,Lower Austria,Health,"['training plans', 'Hyrox', 'athletes']",platform,False,False,True,False,1,No funding announced yet,2,8,6,5,104,0.15,0,no_funding
Finslice,https://www.eu-startups.com/directory/finslice/,finslice.eu,Linz,Upper Austria,FinTech/InsurTech,"['fractional investment', 'tangible assets', 'ETF-like products']",platform,False,False,True,True,1,No funding announced yet,0,8,6,5,85,0.2,0,no_funding
DAIKI,https://www.eu-startups.com/directory/daiki-gmbh/,dai.ki,Vienna,Vienna,Software & Analytics,"['AI', 'compliance', 'governance']",B2B,False,True,False,False,2,No funding announced yet,1,8,6,7,134,0.25,0,funding
CaterMe,https://www.eu-startups.com/directory/caterme/,catermebyschnabls.com,Piringsdorf,Burgenland,Professional Services,"['catering', 'customer satisfaction', 'diverse menu']",B2C,False,False,True,False,5,No funding announced yet,0,8,8,7,239,0.1,1,no_funding
WasItAI,https://www.eu-startups.com/directory/wasitai/,wasitai.com,Vienna,Vienna,Software & Analytics,"['images', 'AI', 'origin']",B2B,False,True,False,True,1,No funding announced yet,0,7,6,5,30,0.1,0,no_funding
RTOPilot,https://www.eu-startups.com/directory/rtopilot/,rtopilot.com.au,Selker,Upper Austria,Education,"['RTO', 'compliance', 'automation']",B2B,False,False,False,False,1,No funding announced yet,0,8,6,5,104,0.25,0,no_funding
Cimphony,https://www.eu-startups.com/directory/cimphony/,cimphony.ai,Thal,Styria,Software & Analytics,"['AI', 'legal', 'startup']",B2B,False,False,True,True,1,No funding announced yet,0,8,6,5,92,0.2,0,no_funding
IDCanopy,https://www.eu-startups.com/directory/idcanopy/,idcanopy.com,Vienna,Vienna,FinTech/InsurTech,"['KYC', 'platform', 'integration']",B2B,False,True,False,False,1,No funding announced yet,0,8,7,8,263,0.25,0,no_funding
stomey,https://www.eu-startups.com/directory/stomey-og/,stomey.com,Wattens,Tyrol,Software & Analytics,"['design', 'development', 'hosting']",B2B,False,False,True,False,4,No funding announced yet,0,7,6,5,174,0.35,0,no_funding
Evolushost,https://www.eu-startups.com/directory/evolushost/,evolushost.com,Vienna,Vienna,Software & Analytics,"['cloud solutions', 'infrastructure', 'dedicated servers']",B2B,False,False,True,False,5,No funding announced yet,0,8,8,7,319,0.2,0,no_funding
DreamPetsAI,https://www.eu-startups.com/directory/dreampetsai/,dreampets.ai,Eglau,Upper Austria,Software & Analytics,"['pet', 'art', 'DreamPetsAI']",B2C,False,False,False,True,1,No funding announced yet,0,8,8,6,290,0.2,4,no_funding
jeanszilla,https://www.eu-startups.com/directory/jeanszilla/,jeanszilla.com,linz,Upper Austria,e-commerce,"['denim', 'quality', 'style']",B2C,False,False,True,False,1,No funding announced yet,0,8,5,7,239,0.25,0,no_funding
OneTask,https://www.eu-startups.com/directory/onetask/,onetask.me,Selker,Upper Austria,Software & Analytics,"['AI', 'to-do', 'productivity']",B2C,False,False,True,True,1,No funding announced yet,1,8,8,6,102,0.25,2,no_funding
SimVenture,https://www.eu-startups.com/directory/simventure/,simventure.at,Linz,Upper Austria,Health,"['digital twins', 'sports', 'simulation']",B2B,False,True,True,True,4,Between €1 million-€ 2.5 million,1,7,4,5,30,0.4,0,funding
Seven Bel,https://www.eu-startups.com/directory/seven-bel/,sevenbel.com,Linz,Upper Austria,Software & Analytics,"['measurement', 'technology', 'sound']",other,False,True,True,True,7,Between €500K-€ 1 million,1,5,3,4,5,0.2,0,funding
Easy Month End,https://www.eu-startups.com/directory/easy-month-end/,easymonthend.com,Giga,Upper Austria,FinTech/InsurTech,"['month-end close', 'financial reporting', 'collaboration']",B2B,True,True,False,True,1,No funding announced yet,6,8,8,6,174,0.25,2,no_funding
infrared.city,https://www.eu-startups.com/directory/infrared.city,infrared.city,Vienna,Vienna,Software & Analytics,"['intelligent', 'resilient', 'design']",platform,False,True,True,True,2,Between €1 million-€ 2.5 million,1,7,5,6,17,0.235,0,funding
refinq,https://www.eu-startups.com/directory/refinq/,refinq.com,Vienna,Vienna,Software & Analytics,"['Biodiversity', 'Ecosystems', 'Climate Risk']",B2B,False,True,False,False,2,Between €500K-€ 1 million,0,6,4,5,19,0.3684210526315789,0,funding
myAcker,https://www.eu-startups.com/directory/myacker/,myacker.com,Spittal an der Drau,Carinthia,AgTech/FoodTech,"['online garden', 'organic harvests', 'vegetable fans']",B2C,False,True,True,False,7,Between €100K-€500K,3,6,5,6,32,0.125,0,funding
SpaceXpanse Multiverse,https://www.eu-startups.com/directory/spacexpanse-multiverse/,spacexpanse.org,Vienna,Vienna,Software & Analytics,"['blockchain', 'GameFi', 'decentralized']",B2C,False,False,False,True,3,No funding announced yet,4,8,6,8,392,0.25,0,no_funding
blue auditor,https://www.eu-startups.com/directory/blue-auditor/,blueauditor.com,Vienna,Vienna,Software & Analytics,"['sustainability', 'real estate', 'management tool']",B2B,False,True,True,True,8,Between €100K-€500K,0,7,5,6,108,0.25,1,funding
EscapeCloud,https://www.eu-startups.com/directory/escapecloud/,escapecloud.io,Vienna,Vienna,FinTech/InsurTech,"['cloud', 'exit', 'financial']",B2B,False,False,False,False,1,No funding announced yet,0,7,6,5,27,0.148,0,no_funding
Hololight,https://www.eu-startups.com/directory/hololight/,hololight.com,Innsbruck,Tyrol,Software & Analytics,"['Augmented Reality', 'Virtual Reality', 'Industrial Metaverse']",B2B,False,True,False,True,10,Between €10 million-€25 million,0,7,6,7,56,0.25,1,funding
Necture,https://www.eu-startups.com/directory/necture/,necture.com,Vienna,Vienna,Professional Services,"['fleets', 'sustainability', 'solutions']",B2B,False,True,False,False,10,Between €5 million-€10 million,0,8,6,7,63,0.25,0,funding
Whalecard,https://www.eu-startups.com/directory/whalecard/,,Vienna,Vienna,Software & Analytics,"['tech talent', 'headhunting', 'AI-powered']",B2B,False,False,False,False,1,Between €100K-€500K,0,8,6,5,100,0.2,1,inactive
SchuBu Systems,https://www.eu-startups.com/directory/schubu-systems/,schubu.systems,Vienna,Vienna,e-commerce,"['interactive textbook', 'digital lessons', 'teaching material']",B2B,False,True,False,False,5,Between €500K-€ 1 million,0,7,5,4,104,0.25,0,funding
Boolee,https://www.eu-startups.com/directory/boolee/,boolee.io,Vienna,Vienna,Software & Analytics,"['data analysis', 'SaaS', 'business analysts']",B2B,False,True,True,False,2,Between €100K-€500K,6,7,6,5,40,0.25,1,funding
PassionClass,https://www.eu-startups.com/directory/passionclass/,passionclass.co,vienna,Vienna,Education,"['learning', 'classes', 'community']",marketplace,False,True,True,False,2,No funding announced yet,0,8,6,7,646,0.1,3,no_funding
Branding 5,https://www.eu-startups.com/directory/httpswwwbranding5com/,branding5.com,Vienna,Vienna,Software & Analytics,"['AI', 'branding', 'marketing']",B2B,False,False,False,False,2,No funding announced yet,0,8,6,5,157,0.2,0,no_funding
FragDasPDF,https://www.eu-startups.com/directory/fragdaspdf-simply-talk-to-any-pdf/,fragdaspdf.de,Vienna,Vienna,Software & Analytics,"['AI-powered', 'PDF', 'interactive']",B2C,False,True,True,False,2,No funding announced yet,0,8,7,6,157,0.25,0,no_funding
SAGLY,https://www.eu-startups.com/directory/sagly/,sagly.at,Salzburg,Salzburg,Health,"['mountain biking', 'suspension', 'app']",B2C,False,True,True,False,4,No funding announced yet,1,7,8,8,1395,0.15,3,no_funding
HeyBob,https://www.eu-startups.com/directory/heybob/,,Vienna,Vienna,Software & Analytics,"['AI', 'creativity', 'productivity']",B2C,False,False,True,False,2,Between €500K-€ 1 million,0,8,6,7,309,0.25,1,inactive
Whistle,https://www.eu-startups.com/directory/whistle/,,Viena,Vienna,Software & Analytics,"['whistleblowing', 'Slack', 'GDPR']",B2B,False,True,False,True,5,No funding announced yet,2,8,6,5,34,0.29,0,inactive
alwritely,https://www.eu-startups.com/directory/alwritely/,alwritely.com,Vienna,Vienna,Media & Entertainment,"['writing', 'subscription', 'copy']",B2C,False,False,False,False,2,No funding announced yet,0,7,7,5,27,0.037,1,no_funding
tidalbase,https://www.eu-startups.com/directory/tidalbase/,tidalbase.com,Vienna,Vienna,Software & Analytics,"['developers', 'learning', 'platform']",B2C,False,True,True,False,4,No funding announced yet,0,7,5,6,152,0.2,0,no_funding
NO/FUZZ Marketing,https://www.eu-startups.com/directory/no-fuzz-marketing/,nofuzzmarketing.com,Vienna,Vienna,Software & Analytics,"['marketing', 'consultancy', 'business']",B2B,False,False,False,False,2,No funding announced yet,1,7,6,5,25,0.12,0,no_funding
RebeccAi,https://www.eu-startups.com/directory/rebeccai/,rebecc.ai,Innsbruck Fulpmes,Tyrol,Software & Analytics,"['AI', 'ideas', 'platform']",B2B,False,False,True,False,2,No funding announced yet,0,8,6,5,85,0.2,0,no_funding
Destination360,https://www.eu-startups.com/directory/destination360/,,Graz,Styria,Software & Analytics,"['sentiment analysis', 'tourism', 'trends']",B2B,False,True,True,False,2,No funding announced yet,0,7,5,4,36,0.25,0,inactive
Oscar Stories,https://www.eu-startups.com/directory/oscar-stories/,oscarstories.com,Vienna,Vienna,Software & Analytics,"['bedtime', 'stories', 'AI']",B2C,False,True,False,True,2,No funding announced yet,1,8,7,6,335,0.1,0,no_funding
Storypact,https://www.eu-startups.com/directory/storypact/,storypact.com,Vienna,Vienna,Software & Analytics,"['semantic text editor', 'organic ranking', 'content management']",B2B,False,False,False,True,2,No funding announced yet,0,7,7,5,36,0.25,0,no_funding
clone:it,https://www.eu-startups.com/directory/cloneit/,cloneit.at,Graz,Styria,ConstructionTech/Green Building,"['digital clones', 'construction site', 'civil engineering']",B2B,False,True,True,False,2,No funding announced yet,0,7,4,7,66,0.15,0,no_funding
slamstr,https://www.eu-startups.com/directory/slamstr/,slamstr.com,Graz,Styria,Software & Analytics,"['tennis', 'app', 'scoring']",B2C,False,True,True,True,2,No funding announced yet,0,7,5,6,63,0.1,0,no_funding
Glasskube,https://www.eu-startups.com/directory/glasskube/,glasskube.eu,Vienna,Vienna,Software & Analytics,"['infrastructure', 'automation', 'open source']",B2B,False,True,False,True,2,No funding announced yet,0,7,6,5,83,0.3,0,funding
Wiro Consulting,https://www.eu-startups.com/directory/wiro-consulting/,wiroconsulting.at,Linz,Upper Austria,Professional Services,"['web technology', 'e-commerce', 'customized solutions']",B2B,False,True,True,False,2,No funding announced yet,5,8,7,7,83,0.2,0,no_funding
AllstarsBot,https://www.eu-startups.com/directory/allstarsbot/,allstarsbot.com,Vienna,Vienna,Software & Analytics,"['reviews', 'monitor', 'competition']",B2B,False,False,False,False,2,No funding announced yet,0,7,5,4,27,0.037,0,no_funding
Autory,https://www.eu-startups.com/directory/autory/,autory.io,Vienna,Vienna,Other,"['AI', 'democratise', 'technology']",B2B2C,False,False,False,False,3,No funding announced yet,0,7,5,6,85,0.2,0,no_funding
Add to Water,https://www.eu-startups.com/directory/add-to-water/,,Vienna,Vienna,AgTech/FoodTech,"['water', 'flavours', 'healthy']",B2C,False,True,False,False,3,Between €100K-€500K,0,7,5,4,56,0.0,0,inactive
myCulture,https://www.eu-startups.com/directory/myculture-gmbh/,myculture.app,Vienna,Vienna,Media & Entertainment,"['art', 'museums', 'recommendations']",B2B2C,False,True,True,False,3,No funding announced yet,0,8,7,9,366,0.15,5,no_funding
And-Less,https://www.eu-startups.com/directory/and-less/,,Wien,Vienna,Software & Analytics,"['reusable packaging', 'circular economy', 'sustainable']",B2B,False,True,True,False,3,No funding announced yet,0,7,7,6,85,0.2,0,inactive
FERTILABS,https://www.eu-startups.com/directory/fertilabs-gmbh/,vilavit.com,Vienna,Vienna,Health,"['fertility', 'neutraceuticals', 'pregnancy']",B2C,False,True,True,True,3,No funding announced yet,2,7,6,7,56,0.25,0,no_funding
personly,https://www.eu-startups.com/directory/personly/,personly.com,Graz,Styria,Software & Analytics,"['matching', 'chat', 'personal']",B2C,False,True,True,False,3,No funding announced yet,0,6,5,4,92,0.0,0,no_funding
silana,https://www.eu-startups.com/directory/silana/,wearesilana.com,Vienna,Vienna,Hardware,"['automated', 'fashion', 'production']",B2B,False,True,False,False,3,Between €100K-€500K,1,7,5,6,83,0.2,0,funding
Ohana,https://www.eu-startups.com/directory/ohana/,tryohana.com,Sankt Georgen An Der Gusen,Upper Austria,Software & Analytics,"['parenting', 'app', 'digital']",B2C,False,True,True,True,3,No funding announced yet,2,7,5,5,56,0.25,0,funding
nuvo,https://www.eu-startups.com/directory/nuvo-2/,,Vienna,Vienna,Software & Analytics,"['neural rendering', '3D scanner', 'e-Commerce']",B2B2C,False,False,True,True,3,No funding announced yet,2,7,6,7,85,0.2,0,inactive
Metaloop,https://www.eu-startups.com/directory/metaloop/,metaloop.eu,Graz,Styria,FinTech/InsurTech,"['scrap trading', 'metal recycling', 'trade discovery']",B2B,False,True,True,False,3,No funding announced yet,5,7,6,5,83,0.25,0,funding
heyqq – ask away,https://www.eu-startups.com/directory/heyqq-ask-away/,heyqq.app,Vienna,Vienna,Other,"['experts', 'conversation', 'knowledge']",B2C,False,False,False,False,3,No funding announced yet,0,7,5,4,36,0.0,0,no_funding
HEYRISE,https://www.eu-startups.com/directory/heyrise/,heyrise.com,Wels,Upper Austria,Professional Services,"['fitness', 'health', 'prevention']",B2B,False,True,True,False,3,No funding announced yet,0,6,4,5,56,0.25,0,no_funding
HeldYn,https://www.eu-startups.com/directory/heldyn/,heldyn.com,Vienna,Vienna,Health,"['care', 'therapy', 'healthcare']",B2C,False,True,True,False,3,No funding announced yet,0,7,5,8,104,0.25,1,funding
Flinn Comply,https://www.eu-startups.com/directory/flinn-comply/,flinncomply.com,Vienna,Vienna,Health,"['medical device', 'compliance', 'efficiency']",B2B,False,False,False,False,3,Between €1 million-€ 2.5 million,2,8,6,7,81,0.25,1,funding
NXRT,https://www.eu-startups.com/directory/nxrt/,nxrt.io,Wien,Vienna,Software & Analytics,"['virtual reality', 'mixed reality', 'simulation']",B2B,False,True,True,True,3,Between €2.5 million-5 million,4,7,6,7,118,0.25,0,funding
ReDev,https://www.eu-startups.com/directory/redev/,,Vienna,Vienna,Software & Analytics,"['remote', 'developers', 'hire']",B2B,False,True,True,True,3,Between €100K-€500K,1,7,5,6,56,0.25,0,inactive
Revitalyze,https://www.eu-startups.com/directory/revitalyze/,revitalyze.io,Innsbruck,Tyrol,ClimateTech/GreenTech/CleanTech,"['greentech', 'circular construction', 'reuse']",platform,False,True,True,False,3,No funding announced yet,2,8,6,7,24,0.25,0,no_funding
Coachfident,https://www.eu-startups.com/directory/coachfident/,coachfident.com,Vienna,Vienna,Professional Services,"['coaching', 'development', 'career']",B2C,False,True,True,False,3,No funding announced yet,2,7,5,6,83,0.1,0,no_funding
Goddard – Discovery,https://www.eu-startups.com/directory/goddard-discovery/,goddard-discovery.ml,Hagenberg,Upper Austria,Software & Analytics,"['research', 'information', 'Artificial Intelligence']",platform,False,False,True,False,3,No funding announced yet,0,6,5,6,157,0.25,0,no_funding
Datogy,https://www.eu-startups.com/directory/datogy-gmbh/,,Wien,Vienna,Software & Analytics,"['digital marketing', 'SEO', 'custom site']",B2B,False,True,True,False,3,No funding announced yet,0,7,7,6,108,0.25,0,inactive
prop.ID,https://www.eu-startups.com/directory/prop-id-simply-real-estate/,prop.id,Vienna,Vienna,PropTech,"['digitalizes', 'housing', 'meetings']",B2B,False,True,False,False,3,No funding announced yet,4,6,5,4,22,0.18,0,no_funding
fynk,https://www.eu-startups.com/directory/fynk/,fynk.com,Vienna,Vienna,Software & Analytics,"['contract', 'management', 'automate']",B2B,False,True,True,True,3,No funding announced yet,1,8,6,5,75,0.2,0,funding
SHOMUGO,https://www.eu-startups.com/directory/shomugo-gmbh/,shomugo.at,Graz,Styria,e-commerce,"['e-commerce', 'marketplace', 'online store']",B2B2C,False,True,True,False,3,No funding announced yet,0,7,5,4,218,0.25,0,no_funding
Crew26,https://www.eu-startups.com/directory/crew26/,crew26.com,Linz,Upper Austria,Other,"['digital agency', 'projects', 'customer satisfaction']",B2B,False,False,True,False,3,No funding announced yet,0,7,5,6,174,0.2,0,no_funding
reebuild,https://www.eu-startups.com/directory/reebuild/,reebuild.com,Vienna,Vienna,ConstructionTech/Green Building,"['building materials', 'procurement', 'construction']",platform,False,True,True,False,3,No funding announced yet,1,7,6,5,42,0.14,0,no_funding
Proofcheck,https://www.eu-startups.com/directory/proofcheck/,proofcheck.io,Vienna,Vienna,Software & Analytics,"['AI proofreading', 'collaborative workspace', 'content creators']",B2B,False,True,True,True,3,Between €100K-€500K,0,7,6,5,85,0.2,1,funding
Simplexx,https://www.eu-startups.com/directory/simplexx-web-solutions/,simplexx.at,Vienna,Vienna,Software & Analytics,"['online marketing', 'web projects', 'SEO']",B2B,True,True,True,False,3,No funding announced yet,0,7,6,5,92,0.25,0,no_funding
Neolime,https://www.eu-startups.com/directory/neolime/,neolime.io,Vienna,Vienna,Health,"['platform', 'sexual', 'creators']",platform,False,True,True,False,3,No funding announced yet,0,7,5,5,45,0.2,0,no_funding
TUSECA,https://www.eu-startups.com/directory/tuseca/,tuseca.com,vienna,Vienna,PropTech,"['premium', 'co-ownership', 'holiday properties']",B2C,False,True,False,False,3,No funding announced yet,0,7,5,5,34,0.176,0,no_funding
Heylog,https://www.eu-startups.com/directory/heylog/,heylog.com,Vienna,Vienna,Mobility,"['logistics', 'dispatchers', 'communication']",B2B,False,True,False,True,3,Between €2.5 million-5 million,2,7,6,4,42,0.14,0,funding
kutschi.consulting,https://www.eu-startups.com/directory/kutschi-consulting/,kutschi.consulting,Voitsberg,Styria,Professional Services,"['consulting', 'digitalization', 'transformation']",B2B,False,True,False,False,4,No funding announced yet,1,7,6,6,30,0.4,0,no_funding
NOUMEN,https://www.eu-startups.com/directory/noumen/,noumen.co,Vienna,Vienna,Other,"['wellness', 'men', 'self-care']",B2C,False,True,True,True,4,No funding announced yet,1,7,5,6,104,0.25,0,no_funding
Quork,https://www.eu-startups.com/directory/quork/,,Kritzendorf,Lower Austria,FinTech/InsurTech,"['marketplace', 'service providers', 'business']",marketplace,False,False,True,False,4,No funding announced yet,0,8,6,5,66,0.15,0,inactive
HELLO INSIDE,https://www.eu-startups.com/directory/hello-inside/,helloinside.com,Vienna,Vienna,Software & Analytics,"['self care', 'data-driven', 'personalized']",B2C,False,True,True,False,4,No funding announced yet,1,8,5,6,50,0.2,0,funding
Justmarkt,https://www.eu-startups.com/directory/justmarkt/,justmarkt.at,Vienna,Vienna,Mobility,"['delivery', 'service', 'app']",B2C,False,True,True,False,4,No funding announced yet,0,6,6,5,34,0.176,0,no_funding
GlobalRisk,https://www.eu-startups.com/directory/globalrisk/,globalrisk.ai,Vienna,Vienna,Software & Analytics,"['cybersecurity', 'artificial intelligence', 'risk expertise']",B2B,False,False,True,False,4,No funding announced yet,0,7,5,6,66,0.25,0,no_funding
exo one,https://www.eu-startups.com/directory/exo-one/,,Vienna,Vienna,Professional Services,"['community', 'technology', 'future']",other,False,False,True,False,4,No funding announced yet,0,7,4,5,45,0.33,0,inactive
Celeris Therapeutics,https://www.eu-startups.com/directory/celeris-therapeutics/,,Graz,Styria,Health,"['deep learning', 'degrader technologies', 'biomolecular interactions']",B2B,False,False,False,True,4,Between €1 million-€ 2.5 million,0,7,5,6,50,0.4,0,inactive
etti.co,https://www.eu-startups.com/directory/etti-co/,etti.co,Vienna,Vienna,Software & Analytics,"['no-code', 'AI solutions', 'business growth']",platform,False,True,True,False,4,No funding announced yet,0,8,6,5,40,0.2,0,no_funding
zone14,https://www.eu-startups.com/directory/zone14/,zone14.ai,Vienna,Vienna,Media & Entertainment,"['AI', 'football', 'statistics']",B2B,False,True,True,True,4,No funding announced yet,0,7,6,6,56,0.25,0,no_funding
Xperience,https://www.eu-startups.com/directory/xperience/,xperience.social,Vienna,Vienna,Media & Entertainment,"['friends', 'activities', 'platform']",B2C,False,True,True,True,4,No funding announced yet,1,7,5,5,100,0.1,0,funding
Windpuls,https://www.eu-startups.com/directory/windpuls/,windpuls.com,Linz,Upper Austria,Hardware,"['wind measurement', 'sensors', 'IT solutions']",B2B,False,True,True,False,4,No funding announced yet,0,7,5,6,56,0.25,0,no_funding
Vloor,https://www.eu-startups.com/directory/vloor/,vloor.com,Vienna,Vienna,PropTech,"['real estate', 'software', 'deep learning']",B2B,False,True,True,True,4,No funding announced yet,0,7,5,6,42,0.2857142857142857,0,no_funding
VIRIDAD,https://www.eu-startups.com/directory/viridad/,viridad.eu,Vienna,Vienna,Software & Analytics,"['transparency', 'sustainable', 'assessment']",platform,False,True,False,True,4,No funding announced yet,0,7,6,5,56,0.25,0,funding
Vinitor,https://www.eu-startups.com/directory/vinitor/,,Linz,Upper Austria,Software & Analytics,"['digital', 'vineyard', 'management']",B2B,False,True,True,False,4,No funding announced yet,0,7,5,5,42,0.2857142857142857,0,inactive
trive studio,https://www.eu-startups.com/directory/trive-studio/,trive.studio,Vienna,Vienna,Software & Analytics,"['startup', 'studio', 'solutions']",B2B,False,True,True,False,4,Between €5 million-€10 million,1,7,6,5,56,0.25,0,funding
Testiny,https://www.eu-startups.com/directory/testiny/,testiny.io,Graz,Styria,Software & Analytics,"['test management', 'software', 'modern']",B2B,False,True,True,False,4,No funding announced yet,0,7,5,6,25,0.2,0,no_funding
MedCom,https://www.eu-startups.com/directory/medcom/,medcom.at,Vienna,Vienna,Software & Analytics,"['laboratory', 'requests', 'software']",B2B,False,False,True,True,4,No funding announced yet,0,7,7,5,83,0.2,0,no_funding
Sneakit,https://www.eu-startups.com/directory/sneakit/,sneakit.com,Vienna,Vienna,Software & Analytics,"['sneakers', 'authentic', 'limited']",B2C,False,False,True,True,4,No funding announced yet,0,6,6,4,20,0.1,1,no_funding
Sendance,https://www.eu-startups.com/wpbdp_listing/sendance/,sendance.at,Linz,Upper Austria,Hardware,"['soft sensor technology', 'smart wearables', 'manufacturers']",B2B,False,True,False,False,4,Between €1 million-€ 2.5 million,0,8,7,8,108,0.25,1,funding
Schrankerl,https://www.eu-startups.com/directory/schrankerl/,schrankerl.at,Vienna,Vienna,AgTech/FoodTech,"['catering', 'food delivery', 'office']",B2B,False,True,True,False,4,Between €1 million-€ 2.5 million,0,6,6,5,34,0.0,1,funding
Roi4Presenter,https://www.eu-startups.com/directory/roi4presenter/,roi4presenter.com,Vienna,Vienna,Professional Services,"['outreach', 'lead generation', 'sales presentations']",B2B,False,False,False,False,4,No funding announced yet,0,7,7,5,92,0.2,1,no_funding
Openlaws,https://www.eu-startups.com/directory/openlaws/,,Salzburg,Salzburg,Software & Analytics,"['legal', 'compliance', 'platform']",B2B,False,True,False,True,4,Between €1-€100K,0,8,6,5,83,0.2,0,inactive
notarity,https://www.eu-startups.com/directory/notarity/,notarity.com,Vienna,Vienna,Software & Analytics,"['notary', 'digital', 'platform']",platform,False,True,True,False,4,No funding announced yet,4,7,5,5,50,0.2,0,no_funding
mjuks,https://www.eu-startups.com/directory/mjuks/,mjuks.com,Vienna,Vienna,Health,"['apparel', 'medical', 'professionals']",B2B,False,True,True,False,4,No funding announced yet,3,7,5,6,66,0.15,0,funding
Miracl,https://www.eu-startups.com/directory/miracl-2/,miracl.at,Vienna,Vienna,Professional Services,"['financial service', 'credit comparison', 'home-buying']",B2C,False,True,True,True,4,No funding announced yet,0,7,5,6,45,0.2,0,no_funding
Luminous Labs,https://www.eu-startups.com/directory/luminous-labs/,luminousred.com,Graz,Styria,Health,"['longevity', 'biohacking', 'light-centered']",B2C,False,False,True,True,4,No funding announced yet,3,7,5,6,83,0.3,0,funding
HeartBeat.bio,https://www.eu-startups.com/directory/heartbeat-bio/,heartbeat-bio.eu,Vienna,Vienna,Health,"['drug discovery', 'cardiac organoids', 'heart failure']",B2B,False,True,False,False,4,Between €1 million-€ 2.5 million,1,8,5,6,157,0.25,1,funding
imd BIOTECH,https://www.eu-startups.com/directory/imd-biotech/,imdbiotech.com,Vienna,Vienna,Health,"['biomolecule', 'detection', 'diagnostics']",platform,False,True,False,False,4,No funding announced yet,4,6,5,4,36,0.5,0,funding
Futureweb,https://www.eu-startups.com/directory/futureweb/,futureweb.at,Sankt Johann,Tyrol,Professional Services,"['web hosting', 'website creating', 'domain services']",B2B,False,True,True,False,4,No funding announced yet,1,6,6,5,30,0.2,0,no_funding
Econutri,https://www.eu-startups.com/directory/econutri/,econutri.com,Graz,Styria,Health,"['sustainable', 'protein', 'CO2']",B2B,False,True,True,True,4,No funding announced yet,1,8,6,7,56,0.25,0,funding
Delphi Data Labs,https://www.eu-startups.com/directory/delphi-data-labs/,delphidata.io,Vienna,Vienna,Software & Analytics,"['data science', 'cleantech', 'market intelligence']",B2B,False,True,False,False,4,No funding announced yet,4,7,6,7,56,0.25,0,no_funding
Dark Forest,https://www.eu-startups.com/directory/dark-forest/,,Vienna,Vienna,Software & Analytics,"['Web3', 'tools', 'profitability']",B2C,False,True,False,True,4,Between €100K-€500K,0,7,5,6,66,0.25,0,inactive
Daphos,https://www.eu-startups.com/directory/daphos/,daphos.ai,Linz,Upper Austria,Software & Analytics,"['resource management', 'healthcare', 'analytics']",B2B,False,True,False,False,4,No funding announced yet,0,7,6,5,81,0.25,0,no_funding
CellEctric Biosciences,https://www.eu-startups.com/directory/cellectric-biosciences/,cellectric-biosciences.com,Vienna,Vienna,Health,"['electrodynamics', 'biotechnology', 'cell manipulation']",B2B,False,True,False,False,4,No funding announced yet,0,8,5,6,66,0.25,0,no_funding
captic.io,https://www.eu-startups.com/directory/captic-io/,captic.io,Vienna,Vienna,Professional Services,"['metaverse', 'platform', 'businesses']",B2B,False,True,True,False,4,No funding announced yet,0,7,6,5,66,0.25,0,no_funding
Beyond Now,https://www.eu-startups.com/directory/beyond-now/,beyondnow.com,Premstatten,Styria,Software & Analytics,"['digital platform', 'SaaS', 'monetizing 5G']",B2B,False,True,True,True,4,No funding announced yet,5,7,6,5,108,0.5,0,no_funding
Auvaria,https://www.eu-startups.com/directory/auvaria/,auvaria.com,Vienna,Vienna,Professional Services,"['cloud', 'AWS', 'consulting']",B2B,False,True,False,False,4,No funding announced yet,0,7,7,6,66,0.25,1,no_funding
afreshed,https://www.eu-startups.com/directory/afreshed/,afreshed.at,Linz,Upper Austria,Software & Analytics,"['food waste', 'Retterbox', 'organic']",B2C,True,True,True,False,4,Between €500K-€ 1 million,4,8,7,6,104,0.15,1,funding
24 Sens,https://www.eu-startups.com/directory/24-sens/,24sens.com,Lustenau,Vorarlberg,Health,"['heart rate', 'atrial fibrillation', 'medical diagnosis']",B2B,False,False,False,False,4,No funding announced yet,0,7,6,5,66,0.25,0,no_funding
I Style You Daily,https://www.eu-startups.com/directory/i-style-you-daily/,,Innsbruck,Tyrol,Software & Analytics,"['outfit', 'closet', 'fashion']",B2C,False,False,True,False,4,No funding announced yet,0,6,5,6,104,0.25,0,inactive
Fermify,https://www.eu-startups.com/directory/fermify/,fermify.org,Gerasdorf Bei Wien,Lower Austria,Health,"['microorganisms', 'production', 'cheese']",B2B,False,True,False,False,4,No funding announced yet,0,7,5,6,174,0.25,0,funding
F-Technologies,https://www.eu-startups.com/directory/f-technologies/,f-technologies.com,Lustenau,Vorarlberg,Hardware,"['business', 'solutions', 'innovation']",B2B,False,True,False,False,4,No funding announced yet,1,6,5,5,108,0.25,0,no_funding
Explore with us,https://www.eu-startups.com/directory/explore-with-us/,explorewithus.eu,Innsbruck,Tyrol,Professional Services,"['travel', 'Europe', 'agency']",B2C,False,True,True,False,4,No funding announced yet,0,7,6,6,116,0.1,2,no_funding
CamBuildr,https://www.eu-startups.com/directory/cambuildr/,cambuildr.com,Vienna,Vienna,Software & Analytics,"['movement', 'campaigns', 'solution']",B2B,False,True,True,True,4,No funding announced yet,1,7,6,5,108,0.25,0,no_funding
ArtAdvance,https://www.eu-startups.com/directory/artadvance/,,Vienna,Vienna,FinTech/InsurTech,"['NFT', 'tokenization', 'artworks']",B2C,False,False,True,False,4,No funding announced yet,0,7,7,6,134,0.25,0,inactive
Arkeon Biotechnologies,https://www.eu-startups.com/directory/arkeon-biotechnologies/,arkeon.bio,Tulln,Lower Austria,Health,"['CO2', 'food', 'technology']",B2B,True,True,False,False,4,Between €5 million-€10 million,0,7,6,8,134,0.21,1,funding
Ada Growth,https://www.eu-startups.com/directory/ada-growth/,,Vienna,Vienna,Education,"['female talent', 'AI', 'learning paths']",B2B,False,False,False,False,4,Between €500K-€ 1 million,2,8,6,7,56,0.25,0,inactive
Affluens Group,https://www.eu-startups.com/directory/affluens-group/,,Vienna,Vienna,Software & Analytics,"['finance', 'marketing', 'lifestyle']",B2C,False,False,False,False,4,No funding announced yet,0,6,6,5,66,0.15,0,inactive
Lignovations,https://www.eu-startups.com/directory/lignovations/,lignovations.com,"Tulln, Austria",Lower Austria,Software & Analytics,"['sustainability', 'biomass', 'lignin']",B2B,False,True,False,False,4,Between €1 million-€ 2.5 million,1,8,7,6,188,0.25,1,funding
CyberACI,https://www.eu-startups.com/directory/cyberaci/,cyberaci.com,Vienna,Vienna,Professional Services,"['cybersecurity', 'networks', 'hackers']",B2B,False,True,False,False,4,No funding announced yet,0,7,6,7,16,0.25,0,no_funding
CrowdTiger,https://www.eu-startups.com/directory/crowdtiger/,,Vienna,Vienna,FinTech/InsurTech,"['investment', 'platform', 'investors']",B2C,False,True,True,False,4,No funding announced yet,0,5,4,3,14,0.071,0,inactive
FUA Investment Club,https://www.eu-startups.com/directory/fua-investment-club/,fuainvestments.com,Vienna,Vienna,FinTech/InsurTech,"['investment', 'network', 'portfolio']",B2C,False,True,True,False,4,No funding announced yet,3,7,4,6,116,0.25,0,no_funding
mlxar,https://www.eu-startups.com/directory/mlxar/,,Vienna,Vienna,Software & Analytics,"['machine learning', 'virtual cities', 'content creation']",B2B,False,False,True,False,4,Between €1-€100K,0,7,6,5,66,0.25,1,inactive
OPEN social audio,https://www.eu-startups.com/directory/open-social-audio/,,Vienna,Vienna,Software & Analytics,"['audio', 'conversations', 'mood']",B2C,False,True,False,False,4,No funding announced yet,1,8,6,7,116,0.1,0,inactive
PROPUP,https://www.eu-startups.com/directory/propup/,propup.at,Vienna,Vienna,Software & Analytics,"['real estate', 'transactions', 'platform']",B2B2C,True,True,True,False,4,Between €1-€100K,1,7,5,4,45,0.2,0,funding
DeepLYNX,https://www.eu-startups.com/directory/deeplynx/,deeplynx.com,Vienna,Vienna,Software & Analytics,"['eCommerce', 'marketplace', 'Southeast Asia']",B2B,False,False,False,True,5,No funding announced yet,0,7,6,5,139,0.14,0,no_funding
BugBattle,https://www.eu-startups.com/directory/bugbattle/,,Dornbirn,Vorarlberg,Software & Analytics,"['bug reporting', 'developers', 'applications']",B2B,False,False,False,False,5,No funding announced yet,1,7,5,5,25,0.2,0,inactive
Algonist Biotechnologies,https://www.eu-startups.com/directory/algonist-biotechnologies/,algonist.com,Vienna,Vienna,Health,"['biotechnology', 'chronic pain', 'therapeutics']",B2B,False,True,False,False,5,No funding announced yet,3,7,3,8,100,0.3,0,no_funding
Shopstory,https://www.eu-startups.com/directory/shopstory/,shopstory.ai,Vienna,Vienna,Software & Analytics,"['SaaS', 'eCommerce', 'AI']",B2B,False,True,True,True,5,Between €2.5 million-5 million,0,7,6,5,22,0.2727272727272727,0,funding
25superstars,https://www.eu-startups.com/directory/25superstars/,25superstars.com,Vienna,Vienna,Media & Entertainment,"['affordable', 'content creators', 'engaging']",B2B2C,False,True,True,False,5,Between €100K-€500K,0,7,5,6,34,0.1176470588235294,0,funding
Gamble-Verluste TS,https://www.eu-startups.com/directory/gamble-verluste-ts-prozessfinanzierungs-gmbh/,gamble-verluste.at,Vienna,Vienna,Media & Entertainment,"['Prozessfinanzierer', 'Rückforderung', 'Online-Casinos']",B2C,False,False,False,True,5,No funding announced yet,1,7,7,5,83,0.25,0,no_funding
Revo Foods,https://www.eu-startups.com/directory/revo-foods/,revo-foods.com,Vienna,Vienna,AgTech/FoodTech,"['seafood', '3D Food Printing', 'plant-based']",B2C,False,True,True,True,5,No funding announced yet,3,8,6,7,92,0.2,0,funding
Helu.io,https://www.eu-startups.com/directory/helu-io/,helu.io,Vienna,Vienna,Software & Analytics,"['financial', 'data', 'reports']",B2B,False,True,True,False,5,Between €2.5 million-5 million,0,7,7,5,83,0.2,0,funding
TRUENDO Technologies,https://www.eu-startups.com/directory/truendo-technologies/,truendo.com,Wien,Vienna,Software & Analytics,"['compliance', 'privacy', 'solutions']",B2B,True,True,True,True,5,No funding announced yet,3,7,7,7,139,0.21,2,no_funding
blackshark.ai,https://www.eu-startups.com/directory/blackshark-ai-2/,blackshark.ai,Graz,Styria,Software & Analytics,"['satellite imagery', 'machine learning', 'feature detection']",B2B,True,True,False,True,5,No funding announced yet,3,8,6,7,335,0.27,4,funding
Blue Monday Project,https://www.eu-startups.com/directory/blue-monday-project/,,Vienna,Vienna,Software & Analytics,"['sustainable', 'reward', 'carbon footprint']",B2C,False,False,True,False,5,No funding announced yet,0,7,6,7,116,0.25,0,inactive
recordee,https://www.eu-startups.com/directory/recordee/,recordee.io,Vienna,Vienna,Other,"['video recording', 'AI-enabled', 'communication']",B2B,False,False,True,False,5,No funding announced yet,0,8,6,9,188,0.25,1,no_funding
Seasy,https://www.eu-startups.com/directory/seasy-gmbh/,seasy.at,Graz,Styria,Professional Services,"['marina', 'sailing', 'booking']",B2B2C,False,True,True,False,5,No funding announced yet,2,7,6,5,56,0.25,0,funding
Ordito,https://www.eu-startups.com/directory/ordito/,ordito.at,Vienna,Vienna,Software & Analytics,"['Machine Learning', 'retail', 'demand forecasting']",B2B,False,True,True,False,5,No funding announced yet,1,7,6,5,47,0.25,0,no_funding
enspired,https://www.eu-startups.com/directory/enspired/,enspired-trading.com,Vienna,Vienna,Energy,"['AI-driven', 'energy trading', 'self-learning models']",B2B,False,True,True,False,5,No funding announced yet,5,8,6,7,56,0.25,0,funding
Similio Media,https://www.eu-startups.com/directory/similio-media/,,Vienna,Vienna,Other,"['multilingual', 'platform', 'maps']",platform,False,True,True,True,5,No funding announced yet,3,7,5,4,32,0.25,0,inactive
ReloPilot,https://www.eu-startups.com/directory/relopilot/,relopilot.io,Vienna,Vienna,Recruitment,"['relocation', 'international hires', 'integration']",B2B,False,False,False,False,5,No funding announced yet,0,7,6,5,56,0.25,0,no_funding
Guestia,https://www.eu-startups.com/directory/guestia/,,Vienna,Vienna,PropTech,"['short-term rental', 'automated', 'tourism']",B2C,False,False,True,True,5,No funding announced yet,0,7,7,5,50,0.2,0,inactive
HelloBello,https://www.eu-startups.com/directory/hellobello/,hellobello.de,Vienna,Vienna,AgTech/FoodTech,"['dog food', 'customized', 'delivery']",B2C,False,True,False,True,5,Between €1-€100K,1,7,5,5,19,0.0,0,funding
Mursall Active Coating,https://www.eu-startups.com/directory/mursall-active-coating-gmbh/,active-coating.com,Oberalm,Salzburg,Health,"['photo catalysis', 'coating', 'indoor air']",B2B,False,False,False,False,5,No funding announced yet,2,7,6,7,200,0.2,0,no_funding
Venturify,https://www.eu-startups.com/directory/venturify/,,Linz,Upper Austria,Professional Services,"['startup', 'consulting', 'tools']",B2B,False,False,False,False,5,No funding announced yet,0,6,6,5,45,0.2,0,inactive
TradersYard,https://www.eu-startups.com/directory/tradersyard/,tradersyard.com,Vienna,Vienna,Professional Services,"['social trading', 'community', 'financial services']",B2C,False,True,True,True,5,Between €100K-€500K,3,6,6,5,45,0.4,0,funding
Tech2impact,https://www.eu-startups.com/directory/tech2impact/,tech2impact.com,Vienna,Vienna,Professional Services,"['impact tech', 'fundraising', 'network']",B2B,False,True,True,True,5,No funding announced yet,2,7,6,7,104,0.25,1,no_funding
Taxtastic,https://www.eu-startups.com/directory/taxtastic/,,Atzgersdorf,Vienna,Professional Services,"['tax', 'API', 'software']",B2B,False,False,True,True,5,No funding announced yet,0,6,4,5,66,0.45,0,inactive
Splitbee,https://www.eu-startups.com/directory/splitbee/,splitbee.io,Vienna,Vienna,Software & Analytics,"['analytics', 'conversion', 'optimize']",B2B,False,True,False,True,5,No funding announced yet,0,6,4,3,22,0.27,0,no_funding
Splex,https://www.eu-startups.com/directory/splex/,,Vienna,Vienna,Other,"['software', 'development', 'applications']",B2B2C,False,True,True,False,5,No funding announced yet,0,6,4,5,30,0.1,1,inactive
SanusX,https://www.eu-startups.com/directory/sanusx/,sanusx.com,Vienna,Vienna,Health,"['health', 'wellbeing', 'solutions']",B2B,False,False,True,False,5,No funding announced yet,0,7,5,7,56,0.25,0,no_funding
SAN Group,https://www.eu-startups.com/directory/san-group/,san-group.com,Herzogenburg,Lower Austria,Health,"['biotechnology', 'investments', 'global']",B2B,False,True,True,False,5,No funding announced yet,2,7,5,6,66,0.15,0,funding
rotable technologies,https://www.eu-startups.com/directory/rotable-technologies/,rotable.at,Vienna,Vienna,Software & Analytics,"['digital health', 'administration', 'clinical rotation']",B2B,False,False,False,False,5,No funding announced yet,0,7,5,6,85,0.2,0,no_funding
Rare Earth Games,https://www.eu-startups.com/directory/rare-earth-games/,,Vienna,Vienna,Media & Entertainment,"['game developer', 'multiplayer', 'adventure']",B2C,False,True,True,False,5,No funding announced yet,0,8,5,9,85,0.2,1,inactive
Proxygen,https://www.eu-startups.com/directory/proxygen/,proxygen.com,Vienna,Vienna,Health,"['drugable', 'technology', 'novel']",B2B,False,True,False,True,5,No funding announced yet,0,7,5,7,85,0.35,0,funding
Posedio,https://www.eu-startups.com/directory/posedio/,posedio.com,Vienna,Vienna,Professional Services,"['cloud', 'design', 'implementation']",B2B,False,True,True,False,5,No funding announced yet,0,6,6,5,56,0.25,0,no_funding
nista.io,https://www.eu-startups.com/directory/nista-io/,nista.io,Vienna,Vienna,Software & Analytics,"['real estate', 'classifieds', 'buying']",B2C,False,True,True,True,5,No funding announced yet,1,5,5,4,47,0.0,0,no_funding
Nexyo,https://www.eu-startups.com/directory/nexyo/,nexyo.io,Vienna,Vienna,Software & Analytics,"['data', 'sharing', 'ecosystem']",B2B,False,True,True,False,5,No funding announced yet,1,7,5,6,75,0.4,0,no_funding
MXR Tactics,https://www.eu-startups.com/directory/mxr-tactics/,mxr-tactics.com,Kufstein,Tyrol,Software & Analytics,"['Mixed Reality', 'training', 'tacticians']",B2B,False,True,True,False,5,No funding announced yet,1,7,5,6,104,0.25,0,no_funding
Mazing,https://www.eu-startups.com/directory/mazing/,mazingxr.com,Vienna,Vienna,Software & Analytics,"['3D modelling', 'AR', 'e-commerce']",B2B,False,True,True,False,5,No funding announced yet,0,7,6,5,56,0.25,0,funding
Marswalk,https://www.eu-startups.com/directory/marswalk/,marswalk.media,Atzgersdorf,Vienna,Professional Services,"['viral ad campaigns', 'TikTok', 'brand awareness']",B2B,False,True,True,False,5,No funding announced yet,0,7,7,5,66,0.15,0,no_funding
Kickscale,https://www.eu-startups.com/directory/kickscale/,kickscale.com,Vienna,Vienna,Software & Analytics,"['playbooks', 'sales teams', 'B2B']",B2B,True,True,True,True,5,No funding announced yet,3,7,7,5,75,0.2,0,funding
Jongerius ecoduna,https://www.eu-startups.com/directory/jongerius-ecoduna/,,Bruck An Der Leitha,Lower Austria,Health,"['microalgae', 'antioxidants', 'solutions']",B2B,False,False,True,False,5,No funding announced yet,6,7,5,6,42,0.14,0,inactive
Instigo,https://www.eu-startups.com/directory/instigo/,instigo.io,Vienna,Vienna,Software & Analytics,"['digital marketing', 'AI modules', 'social media advertising']",B2B,False,True,True,False,5,No funding announced yet,0,8,6,5,63,0.25,0,no_funding
influData,https://www.eu-startups.com/directory/infludata/,infludata.com,Vienna,Vienna,Professional Services,"['influencers', 'analysis', 'audiences']",B2B,False,True,True,False,5,No funding announced yet,0,8,8,6,54,0.25,2,no_funding
NumberX,https://www.eu-startups.com/directory/numberx/,,Vienna,Vienna,Professional Services,"['app-based', 'Mastercard', 'security']",B2C,False,True,True,False,5,No funding announced yet,0,7,5,5,66,0.15,1,inactive
Gurkerl.at,https://www.eu-startups.com/directory/gurkerl-at/,gurkerl.at,Vienna,Vienna,Software & Analytics,"['grocery', 'fresh', 'online']",B2C,False,True,True,False,5,No funding announced yet,1,7,6,5,66,0.15,0,no_funding
Gleap,https://www.eu-startups.com/directory/gleap/,gleap.io,Dornbirn,Vorarlberg,Software & Analytics,"['customer feedback', 'tools', 'engage']",B2B,False,True,True,True,5,No funding announced yet,0,7,7,5,83,0.2,1,no_funding
Findustrial,https://www.eu-startups.com/directory/findustrial/,findustrial.io,Schörfling,Upper Austria,FinTech/InsurTech,"['financial platform', 'sustainability', 'digital ecosystem']",B2B,False,True,True,False,5,No funding announced yet,1,7,5,6,66,0.25,0,funding
fairesLeben,https://www.eu-startups.com/directory/fairesleben/,fairesleben.at,Vienna,Vienna,Software & Analytics,"['law firm', 'tenancy law', 'gambling law']",B2C,False,True,False,False,5,Between €500K-€ 1 million,0,7,6,6,85,0.2,0,funding
Factinsect,https://www.eu-startups.com/directory/factinsect/,factinsect.com,Graz,Styria,Professional Services,"['fact-check', 'misinformation', 'artificial intelligence']",B2B,False,False,True,False,5,No funding announced yet,1,7,6,5,85,0.2,0,no_funding
Digicust,https://www.eu-startups.com/directory/digicust/,digicust.com,Vienna,Vienna,Software & Analytics,"['AI', 'customs', 'automation']",B2B,False,True,True,False,5,Between €100K-€500K,4,6,4,5,108,0.5,0,funding
Danube Dynamics,https://www.eu-startups.com/directory/danube-dynamics/,danube-dynamics.at,Linz,Upper Austria,Software & Analytics,"['autonomous', 'sustainable', 'intelligent']",B2B,False,True,True,False,5,No funding announced yet,2,8,6,7,83,0.25,0,funding
Competenz Lab,https://www.eu-startups.com/directory/competenz-lab/,competenzlab.io,Vienna,Vienna,Education,"['AI', 'CV', 'career']",B2C,False,True,True,False,5,No funding announced yet,1,7,6,5,66,0.15,0,no_funding
Cipacto,https://www.eu-startups.com/directory/cipacto/,cipacto.com,Vienna,Vienna,Hardware,"['digitisation', 'diesel', 'solution']",B2B,False,True,False,False,5,No funding announced yet,0,6,5,4,37,0.5,0,no_funding
Carbon Cleanup,https://www.eu-startups.com/directory/carbon-cleanup/,carbon-cleanup.com,Linz,Upper Austria,Software & Analytics,"['Carbon Cleanup', 'software', 'recycling']",B2B,False,True,True,True,5,No funding announced yet,0,6,5,5,50,0.2,0,funding
Brusli,https://www.eu-startups.com/directory/brusli/,,Vienna,Vienna,AgTech/FoodTech,"['food waste', 'muesli', 'surplus bread']",B2C,False,False,True,False,5,Between €1 million-€ 2.5 million,0,7,5,6,36,0.0,0,inactive
Digital Schneiderei,https://www.eu-startups.com/directory/digital-schneiderei/,digital-schneiderei.at,Vienna,Vienna,Software & Analytics,"['customized', 'social media', 'SEO']",B2B,False,False,False,False,5,No funding announced yet,1,7,5,5,36,0.25,0,no_funding
Bank99,https://www.eu-startups.com/directory/bank99/,bank99.at,Vienna,Vienna,Professional Services,"['digital bank', 'current accounts', 'savings']",B2C,False,True,True,False,5,No funding announced yet,5,7,7,5,54,0.14,0,no_funding
atmoky,https://www.eu-startups.com/directory/atmoky/,atmoky.com,Graz,Styria,Media & Entertainment,"['spatial audio', 'hyper-realistic', 'software']",B2B,False,True,True,True,5,No funding announced yet,2,7,6,5,66,0.36,0,no_funding
Alwyzon,https://www.eu-startups.com/directory/alwyzon/,alwyzon.com,Vienna,Vienna,Software & Analytics,"['cloud infrastructure', 'servers', 'Austria']",B2B,False,False,False,True,5,No funding announced yet,0,7,7,5,56,0.25,0,no_funding
Sola Diagnostics,https://www.eu-startups.com/directory/sola-diagnostics/,sola-diagnostics.com,Zams,Tyrol,Health,"['cancer', 'epigenetic', 'research']",B2B,False,False,False,False,5,No funding announced yet,0,7,5,7,102,0.2,0,no_funding
Streak,https://www.eu-startups.com/directory/streak/,streakapp.com,Vienna,Vienna,Software & Analytics,"['travel', 'partners', 'app']",B2C,False,False,False,True,5,No funding announced yet,0,7,5,4,56,0.0,0,no_funding
Streemfire,https://www.eu-startups.com/directory/streemfire/,streemfire.com,Vienna,Vienna,Software & Analytics,"['independent', 'content', 'TV']",B2C,False,True,True,False,5,No funding announced yet,0,7,5,5,42,0.14,0,no_funding
Jobchain,https://www.eu-startups.com/directory/jobchain/,jobchain.com,Vienna,Vienna,FinTech/InsurTech,"['fintech', 'platform', 'recruitment']",B2B2C,False,True,True,True,5,No funding announced yet,0,7,5,6,108,0.25,0,no_funding
Integrysign,https://www.eu-startups.com/directory/integrysign/,integrysign.com,Wiener Neustadt,Lower Austria,Software & Analytics,"['fraud', 'authentication', 'biometrics']",B2B,False,True,False,False,5,No funding announced yet,0,7,6,5,92,0.25,1,no_funding
myReha,https://www.eu-startups.com/directory/myreha/,myreha.ai,Vienna,Vienna,Software & Analytics,"['artificial intelligence', 'neurological research', 'therapy']",B2C,False,False,False,False,5,No funding announced yet,1,7,5,6,30,0.2,1,funding
Nano Influence,https://www.eu-startups.com/directory/nano-influence/,getnano.io,Vienna,Vienna,Software & Analytics,"['word of mouth', 'nano influencers', 'marketing']",B2B,False,False,True,False,5,No funding announced yet,0,7,6,5,54,0.25,0,no_funding
hae.sh,https://www.eu-startups.com/directory/hae-sh/,hae.sh,Linz,Upper Austria,Software & Analytics,"['audit', 'blockchain', 'software']",B2B,False,False,False,False,5,Between €1 million-€ 2.5 million,1,7,5,7,134,0.36,0,funding
Green Cloud Nine,https://www.eu-startups.com/directory/green-cloud-nine/,greencloudnine.com,Jenbach,Tyrol,Software & Analytics,"['sustainable', 'marketplace', 'environmentally-friendly']",marketplace,False,True,True,True,5,No funding announced yet,0,8,6,5,108,0.25,0,no_funding
NOVEM Gold,https://www.eu-startups.com/directory/novem-gold/,novemgold.com,Linz,Upper Austria,FinTech/InsurTech,"['blockchain', 'gold', 'stores']",B2C,False,True,True,True,5,No funding announced yet,0,8,7,6,108,0.25,1,no_funding
Froots,https://www.eu-startups.com/directory/froots/,froots.io,Vienna,Vienna,FinTech/InsurTech,"['wealth', 'financial', 'goals']",B2C,False,True,True,False,5,Between €2.5 million-5 million,1,7,5,6,85,0.2,0,funding
Redem,https://www.eu-startups.com/directory/redem/,redem.io,Linz,Upper Austria,Software & Analytics,"['AI', 'quality assurance', 'data cleansing']",B2B,False,True,True,True,5,No funding announced yet,0,7,5,5,83,0.25,0,no_funding
Repeato,https://www.eu-startups.com/directory/repeato/,repeato.app,Vienna,Vienna,Software & Analytics,"['test automation', 'computer vision', 'machine learning']",B2B,False,True,False,False,5,No funding announced yet,0,8,7,6,134,0.25,0,no_funding
S-A-M Technologies,https://www.eu-startups.com/directory/s-a-m-technologies-gmbh/,s-a-m.tech,Perg,Upper Austria,Software & Analytics,"['agriculture', 'robotics', 'AI']",B2B,False,True,True,False,5,No funding announced yet,0,7,5,6,134,0.25,0,no_funding
DOMA.market,https://www.eu-startups.com/directory/doma-market/,,Vienna,Vienna,Software & Analytics,"['marketplace', 'female founders', 'e-commerce']",marketplace,False,False,True,False,5,Between €1 million-€ 2.5 million,0,6,5,7,174,0.2,0,inactive
Digiburn,https://www.eu-startups.com/directory/digiburn/,digiburn.health,Vienna,Vienna,Health,"['burnout', 'self-help', 'growth']",B2C,False,False,True,False,5,No funding announced yet,0,7,6,5,134,0.14,0,no_funding
simplify.art,https://www.eu-startups.com/directory/simplify-art/,simplify.art,Vienna,Vienna,Software & Analytics,"['art management', 'collection', 'easy']",B2C,False,True,True,False,5,Between €100K-€500K,0,7,5,8,104,0.1,0,funding
TALENT & MORE,https://www.eu-startups.com/directory/talent-more/,,Vienna,Vienna,Recruitment,"['talent solutions', 'executive search', 'client-oriented']",B2B,False,False,False,True,5,No funding announced yet,0,8,7,6,174,0.25,0,inactive
careety,https://www.eu-startups.com/directory/careety/,careety.com,Vienna,Vienna,Health,"['doctors', 'treatments', 'patient experience']",B2B,False,False,False,False,5,No funding announced yet,0,7,5,4,56,0.25,1,no_funding
Calm/Storm Ventures,https://www.eu-startups.com/directory/calm-storm-ventures/,calmstorm.vc,Vienna,Vienna,Health,"['founders', 'venture capital', 'entrepreneurship']",B2B,False,False,True,True,5,No funding announced yet,2,7,5,8,139,0.25,0,no_funding
Vollville,https://www.eu-startups.com/directory/vollville/,vollville.com,Vienna,Vienna,Software & Analytics,"['empower', 'transformation', 'customers']",B2B,False,True,False,False,5,No funding announced yet,0,7,4,5,66,0.25,0,no_funding
WeDress Collective,https://www.eu-startups.com/directory/wedress-collective-gmbh/,wedresscollective.com,Vienna,Vienna,Other,"['wardrobe', 'sharing', 'sustainability']",B2C,False,True,True,False,5,No funding announced yet,2,8,6,7,218,0.15,0,no_funding
Ahoy Kapptn!,https://www.eu-startups.com/directory/ahoy-kapptn/,ahoikapptn.com,Linz,Upper Austria,Software & Analytics,"['digital products', 'mobile apps', 'UX design']",B2B,False,False,False,False,5,No funding announced yet,0,7,5,6,139,0.15,1,no_funding
Asigmo,https://www.eu-startups.com/directory/asigmo-gmbh/,asigmo.com,Vienna,Vienna,Software & Analytics,"['data science', 'fellowship', 'career']",B2B2C,False,True,True,True,5,No funding announced yet,0,7,5,6,50,0.2,1,no_funding
Visplore,https://www.eu-startups.com/directory/visplore/,visplore.com,Vienna,Vienna,Software & Analytics,"['visual analytics', 'data', 'interactive graphics']",B2B,False,True,False,False,5,Between €1 million-€ 2.5 million,2,7,5,6,50,0.2,0,funding
Wiffme,https://www.eu-startups.com/directory/wiffme/,,Vienna,Vienna,Media & Entertainment,"['live streaming', 'social', 'location-based']",B2C,False,False,False,False,5,No funding announced yet,1,6,5,4,36,0.25,0,inactive
Sophia Advisory,https://www.eu-startups.com/directory/sophia-advisory/,hallosophia.com,Vienna,Vienna,FinTech/InsurTech,"['marketplace', 'advice', 'experts']",marketplace,False,True,False,False,5,No funding announced yet,1,7,5,6,108,0.25,0,no_funding
Sparcs,https://www.eu-startups.com/directory/sparcs/,sparcs.app,Vienna,Vienna,Media & Entertainment,"['social network', 'healthy', 'lifestyle']",B2C,False,True,False,True,5,No funding announced yet,3,7,5,6,63,0.15,0,no_funding
Crypto Ape,https://www.eu-startups.com/directory/crypto-ape/,thecryptoape.com,Vienna,Vienna,Software & Analytics,"['blockchain', 'cryptocurrency', 'solutions']",B2B,False,False,True,True,5,No funding announced yet,0,7,7,6,134,0.25,0,no_funding
LawStar,https://www.eu-startups.com/directory/lawstar/,lawstar.at,Vienna,Vienna,Education,"['legal expertise', 'learning platform', 'community']",B2C,False,True,True,False,5,No funding announced yet,0,7,5,6,56,0.25,0,no_funding
Inoqo,https://www.eu-startups.com/directory/inoqo/,inoqo.com,Vienna,Vienna,Software & Analytics,"['environmental', 'social responsibility', 'grocery']",B2C,False,True,True,False,5,No funding announced yet,3,7,6,7,134,0.14,1,funding
Probando,https://www.eu-startups.com/directory/probando/,probando.io,Graz,Styria,Health,"['therapies', 'studies', 'health']",platform,False,True,True,False,5,No funding announced yet,5,7,7,5,66,0.15,0,no_funding
Secondra.com,https://www.eu-startups.com/directory/secondra-com/,,Vienna,Vienna,e-commerce,"['second-hand', 'marketplace', 'verified']",marketplace,False,False,False,False,5,Between €1-€100K,3,7,7,5,174,0.1,0,inactive
TeleDoc,https://www.eu-startups.com/directory/teledoc/,myteledoc.app,Vienna,Vienna,Health,"['telemedicine', 'consultation', 'online']",B2C,False,True,True,True,5,No funding announced yet,0,7,8,5,134,0.1,0,no_funding
Circly,https://www.eu-startups.com/directory/circly/,circly.at,Vienna,Vienna,Software & Analytics,"['Machine Learning', 'retail', 'demand forecasting']",B2B,False,True,False,False,5,No funding announced yet,2,7,6,5,42,0.5,0,funding
Smart Inspection,https://www.eu-startups.com/directory/smart-inspection/,smartinspection.eu,Vienna,Vienna,Software & Analytics,"['drones', 'inspection', 'maintenance']",B2B,False,True,True,False,5,No funding announced yet,0,6,5,6,174,0.25,0,no_funding
Shoepy,https://www.eu-startups.com/directory/shoepy/,,Neumarkt In Steiermark,Styria,FinTech/InsurTech,"['startups', 'sustainability', 'online retail']",B2C,False,False,False,False,5,No funding announced yet,0,7,6,6,157,0.1,0,inactive
kontractory,https://www.eu-startups.com/directory/kontractory-2/,kontractory.com,Vienna,Vienna,Software & Analytics,"['legal tech', 'contract software', 'service']",B2B,False,True,True,True,5,No funding announced yet,1,6,5,5,56,0.25,0,no_funding
Glacier,https://www.eu-startups.com/directory/glacier/,glacier.eco,Vienna,Vienna,Professional Services,"['climate', 'action', 'community']",B2B,False,False,True,True,5,No funding announced yet,1,7,6,6,188,0.15,0,no_funding
Gateway Labs,https://www.eu-startups.com/directory/gateway-labs/,gatewaylabs.co,Vienna,Vienna,Software & Analytics,"['product', 'users', 'impact']",B2B,False,True,True,False,5,No funding announced yet,0,8,6,8,157,0.1,1,no_funding
devjobs.at,https://www.eu-startups.com/directory/devjobs-at-it-recruiting-gmbh/,devjobs.at,Linz,Upper Austria,Recruitment,"['Jobportal', 'Programmierer', 'IT-Jobs']",B2C,False,True,True,True,6,No funding announced yet,1,7,8,5,75,0.2,2,no_funding
TMIA,https://www.eu-startups.com/directory/tmia-gmbh/,,Linz,Upper Austria,FinTech/InsurTech,"['Software as a Service', 'crypto currencies', 'security tokens']",B2B,False,False,False,True,6,No funding announced yet,0,7,5,6,25,0.32,0,inactive
VARS,https://www.eu-startups.com/directory/vars/,vars.at,Vienna,Vienna,Software & Analytics,"['Extended Realities', 'XR experiences', 'immersive technologies']",B2B,False,True,False,True,6,No funding announced yet,2,7,6,7,203,0.25,0,no_funding
Interactive Paper,https://www.eu-startups.com/directory/interactive-paper/,interactivepaper.com,Vienna,Vienna,Software & Analytics,"['advertising', 'campaigns', 'customers']",B2B,False,True,True,False,6,Between €100K-€500K,4,7,6,5,108,0.25,0,funding
Localrydes,https://www.eu-startups.com/directory/localrydes/,localrydes.com,Wien,Vienna,FinTech/InsurTech,"['marketplace', 'taxi', 'reservation']",marketplace,False,True,True,True,6,No funding announced yet,0,7,7,6,139,0.14,0,no_funding
Digando,https://www.eu-startups.com/directory/digando/,digando.com,Dornbirn,Vorarlberg,Professional Services,"['digital marketplace', 'construction equipment', 'rental']",marketplace,False,True,True,False,6,No funding announced yet,2,7,5,5,12,0.25,0,no_funding
zerolens,https://www.eu-startups.com/directory/zerolens/,zerolens.com,Vienna,Vienna,Software & Analytics,"['virtual photo studio', '3D photo studio', 'marketing']",B2B,False,False,True,False,6,Between €100K-€500K,0,7,6,5,66,0.15,0,funding
Celantur,https://www.eu-startups.com/directory/celantur/,celantur.com,Linz,Upper Austria,Software & Analytics,"['privacy-tech', 'anonymization', 'GDPR']",B2B,False,True,True,True,6,No funding announced yet,1,8,6,5,56,0.25,0,no_funding
Coinpanion,https://www.eu-startups.com/directory/coinpanion/,,Vienna,Vienna,Professional Services,"['cryptocurrency', 'market', 'investments']",B2C,False,True,False,True,6,Between €1 million-€ 2.5 million,0,8,8,6,45,0.2,1,inactive
MeetFox,https://www.eu-startups.com/directory/meetfox/,meetfox.com,Wien,Vienna,Software & Analytics,"['client meetings', 'scheduling', 'integrated video']",B2B,False,True,True,True,6,Between €100K-€500K,1,8,8,6,203,0.15,2,funding
World Data Lab,https://www.eu-startups.com/directory/world-data-lab/,worlddata.io,Vienna,Vienna,Software & Analytics,"['data', 'forecasting', 'consumer']",B2B,False,True,True,True,6,No funding announced yet,7,7,7,6,56,0.25,0,funding
Wood Space,https://www.eu-startups.com/directory/woodspace/,woodspace.com,Niederosterreich,Lower Austria,ConstructionTech/Green Building,"['modular', 'buildings', 'sustainable']",B2B,False,False,True,True,6,Between €1 million-€ 2.5 million,2,8,6,5,40,0.2,0,funding
VisualSearch,https://www.eu-startups.com/directory/visualsearch/,visualsearch.at,Vienna,Vienna,Professional Services,"['digital platform', 'recommendation', 'shopping experience']",B2B,False,True,False,False,6,No funding announced yet,1,7,6,5,42,0.21,0,no_funding
VIPASO,https://www.eu-startups.com/directory/vipaso/,vipaso.io,Vienna,Vienna,FinTech/InsurTech,"['mobile payments', 'payment solutions', 'Vienna']",B2B,False,True,False,False,6,No funding announced yet,0,7,5,6,85,0.2,0,no_funding
Viesure Innovation Center,https://www.eu-startups.com/directory/viesure-innovation-center/,viesure.io,Vienna,Vienna,Professional Services,"['insurance', 'customer-centric', 'solutions']",B2B,False,True,True,True,6,No funding announced yet,1,7,5,6,83,0.2,1,no_funding
vibe moves you,https://www.eu-startups.com/directory/vibe-moves-you/,vibemovesyou.com,Vienna,Vienna,Software & Analytics,"['mobility', 'electric', 'models']",B2C,False,True,True,False,6,No funding announced yet,2,6,4,5,42,0.14,0,no_funding
Veroo,https://www.eu-startups.com/directory/veroo/,veroo.io,Wiener Neudorf,Lower Austria,Software & Analytics,"['AI cloud software', 'GPS tracking', 'supply chain optimization']",B2B,False,True,True,False,6,No funding announced yet,0,7,6,5,83,0.3,0,no_funding
Uloo,https://www.eu-startups.com/directory/uloo-me/,,Vienna,Vienna,Software & Analytics,"['coaching', 'clients', 'motivation']",B2C,False,True,True,True,6,No funding announced yet,0,7,6,5,102,0.25,0,inactive
TTTech Industrial,https://www.eu-startups.com/directory/tttech-industrial/,tttech-industrial.com,Vienna,Vienna,Software & Analytics,"['industrial IoT', 'edge computing', 'automation']",B2B,False,True,False,False,6,No funding announced yet,1,7,6,5,81,0.25,0,no_funding
True Live,https://www.eu-startups.com/directory/true-live/,true-studios.at,Wels,Upper Austria,Software & Analytics,"['software development', 'brand strategy', 'streaming quality']",B2B,False,False,True,True,6,No funding announced yet,0,7,5,6,56,0.25,0,no_funding
Trever,https://www.eu-startups.com/directory/trever/,trever.io,Graz,Styria,Software & Analytics,"['fintech', 'digital assets', 'financial institutions']",B2B,False,True,True,False,6,No funding announced yet,0,7,5,4,66,0.25,0,no_funding
thinkers.ai,https://www.eu-startups.com/directory/thinkers-ai/,thinkers.ai,Vienna,Vienna,Software & Analytics,"['search engine', 'machine learning', 'context search']",B2C,False,True,False,False,6,No funding announced yet,3,7,6,5,85,0.2,0,no_funding
Teamstack,https://www.eu-startups.com/directory/teamstack/,,Vienna,Vienna,Software & Analytics,"['cloud directory', 'identity access management', 'security']",B2B,False,False,False,True,6,No funding announced yet,0,7,5,5,56,0.25,0,inactive
SUPPLiot,https://www.eu-startups.com/directory/suppliot/,suppliot.eu,Niederosterreich,Lower Austria,Mobility,"['ERP', 'SME', 'business processes']",B2B,False,True,True,False,6,No funding announced yet,0,6,6,5,66,0.25,0,no_funding
STORE ROOM,https://www.eu-startups.com/directory/store-room/,storeroom.at,Brunn Am Gebirge,Lower Austria,Software & Analytics,"['storage', 'smart', 'digitization']",B2C,False,True,True,True,6,No funding announced yet,0,7,5,4,85,0.1,0,no_funding
Staymate,https://www.eu-startups.com/directory/staymate/,getstaymate.com,Vienna,Vienna,Professional Services,"['guest communication', 'digital hotel assistant', 'personalized offers']",B2B,False,True,True,False,6,No funding announced yet,0,7,6,5,30,0.2,0,no_funding
sproof,https://www.eu-startups.com/directory/sproof/,sproof.io,Puch Bei Hallein,Salzburg,Software & Analytics,"['document signing', 'digital signature', 'trusted']",B2B,False,True,True,False,6,No funding announced yet,5,7,5,4,45,0.2,0,no_funding
Sprad,https://www.eu-startups.com/directory/sprad/,sprad.io,Vienna,Vienna,Software & Analytics,"['employee referrals', 'recruiting software', 'new hires']",B2B,False,True,True,True,6,No funding announced yet,0,7,7,5,45,0.2,0,no_funding
SkinScreener,https://www.eu-startups.com/directory/skinscreener/,skinscreener.com,Graz,Styria,Software & Analytics,"['skin cancer', 'risk assessment', 'AI']",B2C,False,True,True,False,6,No funding announced yet,0,6,5,4,50,0.2,0,no_funding
SeaMoX Information Technologies,https://www.eu-startups.com/directory/seamox-information-technologies/,seamox.com,Vienna,Vienna,Software & Analytics,"['software', 'custom', 'IT-Services']",B2B,False,True,False,False,6,No funding announced yet,0,7,6,5,81,0.2,0,no_funding
Runple,https://www.eu-startups.com/directory/runple/,runple.com,Vienna,Vienna,Software & Analytics,"['ERP', 'retail', 'e-commerce']",B2B,False,True,True,False,6,No funding announced yet,0,7,5,6,56,0.25,1,no_funding
Rosterize,https://www.eu-startups.com/directory/rosterize/,,Vienna,Vienna,Software & Analytics,"['AI-assisted', 'aircrew planning', 'online air charter booking']",B2B,False,True,False,False,6,No funding announced yet,0,6,5,4,40,0.25,0,inactive
Rebel Meat,https://www.eu-startups.com/directory/rebel-meat/,,Vienna,Vienna,AgTech/FoodTech,"['organic', 'meat', 'sustainable']",B2C,False,False,False,True,6,No funding announced yet,3,7,5,6,42,0.14,0,inactive
Read-Coop,https://www.eu-startups.com/directory/read-coop/,readcoop.eu,Innsbruck,Tyrol,Software & Analytics,"['historical documents', 'handwritten text recognition', 'keyword spotting']",B2B,False,False,False,True,6,No funding announced yet,1,7,6,5,75,0.2,1,no_funding
Quantego,https://www.eu-startups.com/directory/quantego/,quantego.com,Wiener Neustadt,Lower Austria,Software & Analytics,"['optimization', 'energy', 'trading']",B2B,False,False,False,True,6,No funding announced yet,0,7,6,5,50,0.4,0,no_funding
Qapture,https://www.eu-startups.com/directory/qapture/,qapture.at,Linz,Upper Austria,Software & Analytics,"['digital twins', 'reality capture', 'laser scanning']",B2B,False,True,True,False,6,No funding announced yet,1,7,6,5,83,0.3,0,no_funding
pivot.earth,https://www.eu-startups.com/directory/pivot-earth/,pivot.earth,Vienna,Vienna,Hardware,"['sustainable', 'analytics', 'automotive']",B2B,False,False,False,False,6,No funding announced yet,0,7,6,5,36,0.25,0,no_funding
OuMaiGou,https://www.eu-startups.com/directory/oumaigou/,oumaigou.eu,Parndorf,Burgenland,e-commerce,"['European products', 'Chinese consumers', 'E-Commerce']",B2C,False,True,False,False,6,No funding announced yet,0,7,5,7,42,0.2857142857142857,0,no_funding
OTEREA,https://www.eu-startups.com/directory/oterea/,oterea.com,Vienna,Vienna,Software & Analytics,"['real estate', 'advisory', 'sustainability']",B2B,False,True,False,False,6,No funding announced yet,0,7,5,6,104,0.25,0,no_funding
Novasign,https://www.eu-startups.com/directory/novasign/,novasign.at,Vienna,Vienna,Health,"['machine learning', 'biotech', 'bioprocess development']",B2B,False,True,False,True,6,No funding announced yet,0,7,5,6,102,0.25,0,no_funding
NEXTPART Security Intelligence,https://www.eu-startups.com/directory/nextpart-security-intelligence/,,Linz,Upper Austria,Software & Analytics,"['security', 'intelligence', 'platform']",B2B,False,False,False,False,6,No funding announced yet,2,8,6,5,100,0.3,0,inactive
MADiscover,https://www.eu-startups.com/directory/madiscover/,madiscover.com,Innsbruck,Tyrol,Software & Analytics,"['M&A', 'AI', 'analytics']",B2B,False,True,False,False,6,No funding announced yet,0,7,5,6,42,0.5,0,funding
Lunixo,https://www.eu-startups.com/directory/lunixo/,lunixo.com,Tiefgraben,Upper Austria,Software & Analytics,"['digital signage', 'multimedia player', 'content management']",B2B,False,True,True,False,6,No funding announced yet,0,7,4,5,83,0.25,1,no_funding
Legitary,https://www.eu-startups.com/directory/legitary/,legitary.com,Vienna,Vienna,Software & Analytics,"['AI', 'royalties', 'music']",B2B,False,True,False,False,6,No funding announced yet,1,8,8,7,116,0.25,1,no_funding
Imperion,https://www.eu-startups.com/directory/imperion/,imperion.eu,Vienna,Vienna,Professional Services,"['software', 'investment', 'automation']",B2B,False,True,False,False,6,No funding announced yet,0,7,5,6,45,0.2,0,no_funding
Gradient Zero,https://www.eu-startups.com/directory/gradient-zero/,gradient0.com,Vienna,Vienna,Software & Analytics,"['machine learning', 'solutions', 'contact']",B2B,False,True,False,False,6,No funding announced yet,0,6,4,5,30,0.2,0,no_funding
ForgTin,https://www.eu-startups.com/directory/forgtin/,forgtin.com,Braunau Am Inn,Upper Austria,Health,"['tinnitus', 'medical device', 'noise reduction']",B2C,False,False,False,False,6,No funding announced yet,3,7,6,5,52,0.25,0,no_funding
Flight Levels Academy,https://www.eu-startups.com/directory/flight-levels-academy/,flightlevels.io,Vienna,Vienna,Professional Services,"['Agile', 'transformation', 'collaboration']",B2B,True,True,False,True,6,No funding announced yet,0,6,5,6,56,0.25,0,no_funding
Enery,https://www.eu-startups.com/directory/enery/,enery.energy,Vienna,Vienna,Energy,"['renewable', 'energy', 'solar']",B2B,False,True,True,False,6,No funding announced yet,0,7,5,6,66,0.25,0,no_funding
Eberhart,https://www.eu-startups.com/directory/eberhart/,eberhartgmbh.com,Micheldorf,Upper Austria,Software & Analytics,"['valves', 'pesticides', 'artificial intelligence']",B2B,False,True,False,False,6,No funding announced yet,3,7,6,5,66,0.25,0,no_funding
e.battery systems,https://www.eu-startups.com/directory/e-battery-systems/,e-batterysystems.com,Wolfurt,Vorarlberg,Hardware,"['battery', 'technology', 'electronics']",B2B,False,True,True,False,6,No funding announced yet,2,6,4,5,30,0.2,0,funding
Dreamwaves,https://www.eu-startups.com/directory/dreamwaves/,dreamwaves.io,Vienna,Vienna,Software & Analytics,"['audio', 'navigation', 'technology']",B2C,False,True,False,True,6,No funding announced yet,0,7,5,7,56,0.25,0,no_funding
Digital Moulds,https://www.eu-startups.com/directory/digital-moulds/,digitalmoulds.com,Sierning,Upper Austria,Software & Analytics,"['Mould', 'monitoring', 'solutions']",B2B,False,True,False,False,6,No funding announced yet,2,7,5,6,56,0.25,0,no_funding
Decidea,https://www.eu-startups.com/directory/decidea-make-good-decisions-2/,decidea.com,Vienna,Vienna,Software & Analytics,"['decision', 'marketplace', 'knowledge']",marketplace,False,False,True,False,6,No funding announced yet,0,7,5,6,30,0.2,0,no_funding
condignum,https://www.eu-startups.com/directory/condignum/,condignum.com,Vienna,Vienna,Software & Analytics,"['cyber security', 'risk management', 'compliance']",B2B,False,True,True,False,6,No funding announced yet,0,7,5,5,66,0.25,0,no_funding
Coders.Bay,https://www.eu-startups.com/directory/coders-bay/,codersbay.at,Linz,Upper Austria,Software & Analytics,"['training', 'coding', 'software']",B2C,False,True,True,False,6,No funding announced yet,2,7,6,5,66,0.25,0,no_funding
Chatcloud,https://www.eu-startups.com/directory/chatcloud/,chatcloud.net,Saalfelden,Salzburg,Software & Analytics,"['chat rooms', 'real-time communication', 'business']",B2B,False,True,True,True,6,No funding announced yet,0,7,6,5,85,0.2,1,no_funding
Brickwise,https://www.eu-startups.com/directory/brickwise/,brickwise.at,Vienna,Vienna,Professional Services,"['real estate', 'investment', 'democratise']",B2C,False,True,True,True,6,Between €2.5 million-5 million,6,7,5,6,56,0.25,0,funding
Bonrepublic,https://www.eu-startups.com/directory/bonrepublic/,bonrepublic.com,Vienna,Vienna,Software & Analytics,"['performance', 'recognition', 'management']",B2B,False,True,True,False,6,Between €1-€100K,0,8,8,6,104,0.25,1,funding
BirdShades,https://www.eu-startups.com/directory/birdshades/,birdshades.com,Leoben,Styria,Professional Services,"['bird protection', 'window film', 'collisions']",B2B,False,True,True,True,6,No funding announced yet,0,6,5,6,56,0.25,0,no_funding
ARTI,https://www.eu-startups.com/directory/arti/,arti-robots.com,Graz,Styria,Mobility,"['robotic solutions', 'urban logistics', 'autonomous mobile robots']",B2B,False,True,True,False,6,No funding announced yet,1,7,6,5,42,0.5,0,no_funding
Alveri,https://www.eu-startups.com/directory/alveri/,alveri.at,Salzburg,Salzburg,Hardware,"['mobility', 'alternative drives', 'application']",B2C,False,True,True,False,6,No funding announced yet,6,6,5,5,56,0.25,0,no_funding
AlbaJet Charter,https://www.eu-startups.com/directory/albajet-charter-gmbh-2/,albajet.com,Krumpendorf,Carinthia,Software & Analytics,"['private jet', 'booking', 'charter']",platform,False,True,True,False,6,No funding announced yet,2,8,6,5,36,0.25,1,no_funding
a:head bio,https://www.eu-startups.com/directory/ahead-bio/,aheadbio.com,Vienna,Vienna,Health,"['drug discovery', 'cerebral organoids', 'human stem cells']",B2B,False,True,False,True,6,Between €2.5 million-5 million,0,8,5,8,134,0.25,0,funding
Krew,https://www.eu-startups.com/directory/krew/,krew.at,Lenzing,Upper Austria,Software & Analytics,"['web app', 'project management', 'knowledge management']",B2C,False,False,True,True,6,No funding announced yet,0,6,4,3,139,0.14,0,no_funding
Liquidary.com,https://www.eu-startups.com/directory/liquidary-com/,,Vienna,Vienna,FinTech/InsurTech,"['finance', 'startups', 'news']",platform,False,False,False,True,6,No funding announced yet,1,7,5,4,85,0.2,0,inactive
Joinpoints,https://www.eu-startups.com/directory/joinpoints/,joinpoints.net,Graz,Styria,Software & Analytics,"['workflow', 'platform', 'neural networks']",B2B,False,True,True,False,6,No funding announced yet,0,6,5,4,104,0.25,0,funding
i4SEE TECH,https://www.eu-startups.com/directory/i4see-tech/,,Graz,Styria,Software & Analytics,"['wind turbines', 'analytics', 'performance']",B2B,False,False,False,False,6,No funding announced yet,1,8,7,7,174,0.25,0,inactive
Gropyus,https://www.eu-startups.com/directory/gropyus/,gropyus.com,Vienna,Vienna,ConstructionTech/Green Building,"['sustainable', 'buildings', 'construction']",B2B,False,True,False,False,6,Above €25 million,2,7,6,7,134,0.25,0,funding
OE Service,https://www.eu-startups.com/directory/oe-service/,oeservice.eu,Klagenfurt,Carinthia,Software & Analytics,"['management systems', 'compliance', 'administrative requirements']",B2B,False,True,True,False,6,No funding announced yet,0,6,6,5,108,0.25,0,no_funding
fiskaly,https://www.eu-startups.com/directory/fiskaly/,fiskaly.com,Vienna,Vienna,Professional Services,"['digital signatures', 'e-receipts', 'fiscalization']",B2B,False,True,True,False,6,No funding announced yet,0,7,7,6,108,0.25,2,no_funding
Fauna,https://www.eu-startups.com/directory/fauna/,,Graz,Styria,Hardware,"['audio wearables', 'music experience', 'designer audio glasses']",B2C,False,False,False,True,6,No funding announced yet,0,7,5,6,92,0.2,0,inactive
Pow Wow Entertainment,https://www.eu-startups.com/directory/pow-wow-entertainment/,,Vienna,Vienna,Media & Entertainment,"['game development', 'entertainment', 'original brands']",B2C,False,True,True,True,6,No funding announced yet,1,7,5,6,92,0.2,1,inactive
QUANTRO Therapeutics,https://www.eu-startups.com/directory/quantro-therapeutics/,quantro-tx.com,Vienna,Vienna,Health,"['cancer', 'drug discovery', 'transcription factors']",B2B,False,True,False,True,6,No funding announced yet,0,8,5,6,100,0.4,0,no_funding
S1Seven,https://www.eu-startups.com/directory/s1seven/,s1seven.com,Vienna,Vienna,Software & Analytics,"['sourcing', 'software', 'supply chain']",B2B,False,True,True,False,6,No funding announced yet,0,7,6,7,134,0.25,1,no_funding
Dejure Technologies,https://www.eu-startups.com/directory/dejure-technologies/,dejuretechnologies.com,Klagenfurt,Carinthia,Software & Analytics,"['IT consultancy', 'software development', 'Machine Learning']",B2B,False,False,False,False,6,No funding announced yet,4,7,7,6,188,0.25,0,no_funding
Sarcura,https://www.eu-startups.com/directory/sarcura/,sarcura.com,Klosterneuburg,Lower Austria,Health,"['personalized cell therapies', 'manufacturing', 'semiconductor technology']",B2B,False,True,False,False,6,Between €2.5 million-5 million,3,7,6,7,92,0.3,2,funding
CoLivi,https://www.eu-startups.com/directory/colivi/,colivi.com,Gasse,Tyrol,PropTech,"['shared economy', 'flexibility', 'housing']",B2C,False,True,True,True,6,No funding announced yet,0,7,5,6,174,0.1,1,no_funding
Cloudomation,https://www.eu-startups.com/directory/cloudomation/,cloudomation.com,Vienna,Vienna,Software & Analytics,"['automation', 'integration', 'workflows']",B2B,False,False,True,True,6,No funding announced yet,0,7,6,5,104,0.25,0,no_funding
CNQRCLUB,https://www.eu-startups.com/directory/cnqrclub/,,Vienna,Vienna,Health,"['fitness', 'health', 'subscription']",marketplace,False,False,False,False,6,No funding announced yet,0,6,5,4,66,0.15,0,inactive
Clean Code Software,https://www.eu-startups.com/directory/clean-code-software/,cleancode-software.com,Raaba,Styria,Professional Services,"['development', 'quality', 'performance']",B2B,False,True,False,False,6,No funding announced yet,2,7,6,7,104,0.25,0,no_funding
SynoptiCons,https://www.eu-startups.com/directory/synopticons/,synopticons.com,Klagenfurt,Carinthia,Professional Services,"['quality', 'clients', 'responsibility']",B2B,False,True,True,False,6,No funding announced yet,0,7,4,6,174,0.1,0,no_funding
SYN TRAC,https://www.eu-startups.com/directory/syn-trac/,syn-trac.at,Bad Goisern,Upper Austria,Mobility,"['vehicle', 'safety', 'comfort']",B2B,False,True,True,False,6,No funding announced yet,3,6,4,5,134,0.43,3,no_funding
Templeton Apus,https://www.eu-startups.com/directory/templeton-apus/,templetonapus.com,Vienna,Vienna,Health,"['intelligence', 'platform', 'healthcare']",B2B,False,False,False,False,6,No funding announced yet,1,8,6,7,174,0.25,1,no_funding
Warrify,https://www.eu-startups.com/directory/warrify/,warrify.com,Klosterneuburg,Lower Austria,Software & Analytics,"['receipt', 'customer', 'retailers']",B2B,False,True,True,False,6,Between €100K-€500K,2,8,6,7,104,0.25,0,funding
XKI,https://www.eu-startups.com/directory/xki-gmbh/,x.ki,Vienna,Vienna,Software & Analytics,"['technology', 'innovation', 'cloud computing']",B2B,False,False,True,False,6,No funding announced yet,0,7,4,5,102,0.5,0,no_funding
xuuluux,https://www.eu-startups.com/directory/xuuluux/,xuuluux.com,Salzburg,Salzburg,Software & Analytics,"['interim management', 'advising', 'manufacturing']",B2B,False,True,False,False,6,No funding announced yet,1,7,6,7,47,0.25,0,no_funding
Yolly,https://www.eu-startups.com/directory/yolly/,,Vienna,Vienna,Professional Services,"['financial management', 'SMEs', 'automation']",B2B,False,True,False,True,6,No funding announced yet,0,8,6,5,56,0.25,0,inactive
Trackbar,https://www.eu-startups.com/directory/trackbar/,trackbar.com,Vienna,Vienna,Media & Entertainment,"['sensor system', 'digitizes', 'real-time feedback']",B2B,False,True,False,False,6,Between €100K-€500K,3,8,7,6,139,0.14,1,funding
SOMAREALITY,https://www.eu-startups.com/directory/somareality/,somareality.com,Vienna,Vienna,Software & Analytics,"['digital biomarkers', 'eye tracking', 'HMD']",B2B,False,True,False,True,6,Between €1 million-€ 2.5 million,2,7,6,7,50,0.2,0,funding
Wowflow,https://www.eu-startups.com/directory/wowflow/,wowflow.com,Vienna,Vienna,Software & Analytics,"['solution', 'teams', 'management']",B2B,False,True,False,False,6,Between €100K-€500K,0,6,4,3,15,0.2,0,funding
B.A.M Ticketing,https://www.eu-startups.com/directory/b-a-m-ticketing-gmbh/,,Vienna,Vienna,Software & Analytics,"['ticketing', 'blockchain', 'live events']",B2B,False,True,True,True,6,Between €100K-€500K,0,8,7,6,85,0.2,0,inactive
Autowhale,https://www.eu-startups.com/directory/autowhale/,autowhale.net,Vienna,Vienna,Software & Analytics,"['cryptocurrency', 'liquidity', 'trading']",B2B2C,False,True,True,True,6,No funding announced yet,2,7,7,6,203,0.25,0,no_funding
Automated Software Testing,https://www.eu-startups.com/directory/automated-software-testing-gmbh/,,Linz,Upper Austria,Software & Analytics,"['automated tests', 'development efficiency', 'unit tests']",B2B,False,True,False,False,6,Between €500K-€ 1 million,1,7,7,5,134,0.21,1,inactive
3P-Pitch Partner Pandur,https://www.eu-startups.com/directory/3p-pitch-partner-pandur/,,Vienna,Vienna,Software & Analytics,"['Consulting-Services', 'Pitching', 'Fundraising']",B2B,False,False,False,True,6,No funding announced yet,3,6,4,5,92,0.25,0,inactive
Greenwood-Power,https://www.eu-startups.com/directory/greenwood-power/,greenwood-power.com,Rohrau,Lower Austria,Energy,"['Smart Grid', 'sensors', 'energy production']",B2B,False,True,True,True,6,Between €100K-€500K,0,7,6,5,42,0.14,0,funding
FetoLife Science,https://www.eu-startups.com/directory/fetolife-science/,,Vienna,Vienna,Health,"['pregnancy', 'health', 'app']",B2C,False,False,False,False,6,Between €1 million-€ 2.5 million,2,8,6,7,104,0.15,0,inactive
DeepOpinion,https://www.eu-startups.com/directory/deepopinion/,deepopinion.ai,Innsbruck,Tyrol,Software & Analytics,"['automation', 'B2B', 'SaaS']",B2B,False,True,False,True,6,Between €100K-€500K,0,8,8,6,104,0.25,0,funding
Progeny,https://www.eu-startups.com/directory/progeny/,,Vienna,Vienna,Software & Analytics,"['digital identity', 'authentication', 'cloud-based']",B2B,False,False,True,True,6,No funding announced yet,3,7,6,5,104,0.25,0,inactive
Xaleon,https://www.eu-startups.com/directory/xaleon/,,Linz,Upper Austria,Software & Analytics,"['customer engagement', 'deals', 'satisfaction']",B2B,False,False,True,True,7,No funding announced yet,3,8,7,5,24,0.25,0,inactive
XUND,https://www.eu-startups.com/directory/xund/,xund.ai,Vienna,Vienna,Health,"['digital health assistant', 'medical device', 'healthcare services']",B2B,False,True,True,True,7,No funding announced yet,3,7,5,6,66,0.15,0,funding
hi.health,https://www.eu-startups.com/directory/hi-health/,hihealth.de,Vienna,Vienna,Health,"['health insurance', 'billing', 'user experience']",B2C,False,False,False,True,7,No funding announced yet,3,8,6,5,56,0.25,0,funding
Generation55plus.net,https://www.eu-startups.com/directory/generation55plus-net/,,Kirchbach,Lower Austria,Professional Services,"['older generation', 'active aging', 'positiv attitude']",B2C,False,False,False,False,7,No funding announced yet,1,7,5,6,134,0.14,0,inactive
Skillmill,https://www.eu-startups.com/directory/skillmill-gmbh/,skillmill.com,Vienna,Vienna,Media & Entertainment,"['creatives', 'platform', 'opportunities']",platform,False,True,False,False,7,No funding announced yet,0,7,6,5,81,0.1,0,no_funding
myBioma,https://www.eu-startups.com/directory/mybioma/,mybioma.com,Vienna,Vienna,Health,"['microbiome', 'diagnostics', 'self-tests']",B2C,False,False,True,False,7,No funding announced yet,4,7,6,5,66,0.25,0,no_funding
Madgicx,https://www.eu-startups.com/directory/madgicx-2/,madgicx.com,Viena,Vienna,Software & Analytics,"['E-commerce', 'ads', 'AI']",B2B,False,True,True,True,7,No funding announced yet,0,8,7,6,56,0.25,0,no_funding
VitreaLab,https://www.eu-startups.com/directory/vitrealab/,vitrealab.com,Vienna,Vienna,Hardware,"['micro-fabrication', 'holographic displays', 'light channels']",B2B,False,True,True,True,7,Between €1 million-€ 2.5 million,0,7,5,6,104,0.25,0,funding
Pocket Cocktails,https://www.eu-startups.com/directory/pocket-cocktails-2/,pocket-cocktails.com,Vienna,Vienna,Software & Analytics,"['luxury', 'cocktails', 'customize']",B2C,False,True,True,False,7,No funding announced yet,1,7,6,5,83,0.2,0,no_funding
Fintune,https://www.eu-startups.com/directory/fintune-gmbh/,,Vienna / Zürich,Vienna,Education,"['financial literacy', 'children', 'money box']",B2C,False,False,True,False,7,Between €500K-€ 1 million,1,8,6,8,174,0.1,1,inactive
Audvice,https://www.eu-startups.com/directory/audvice/,audvice.com,Salzburg,Salzburg,Software & Analytics,"['voice messages', 'information', 'corporate']",B2B,False,False,True,False,7,Between €1 million-€ 2.5 million,3,8,6,7,134,0.14,0,funding
triply,https://www.eu-startups.com/directory/triply/,triply.at,Linz,Upper Austria,Software & Analytics,"['mobility', 'data', 'transport']",B2B,False,True,True,True,7,Between €1-€100K,0,7,5,6,164,0.25,0,funding
Bimspot,https://www.eu-startups.com/directory/bimspot/,bimspot.io,Vienna,Vienna,Software & Analytics,"['BIM', 'collaboration', 'technology']",B2B,False,True,False,True,7,No funding announced yet,0,7,6,5,56,0.25,0,no_funding
CASHY,https://www.eu-startups.com/directory/cashy/,cashy.at,Vienna,Vienna,Professional Services,"['fintech', 'lending', 'pawn loan']",B2C,False,False,True,False,7,No funding announced yet,1,7,7,5,56,0.25,0,funding
INNIO Group,https://www.eu-startups.com/directory/innio-group/,innio.com,Tirol,Tyrol,Energy,"['gas engines', 'power generation', 'renewable solutions']",B2B,False,True,True,True,7,No funding announced yet,6,8,8,7,92,0.25,2,no_funding
Orderlion,https://www.eu-startups.com/directory/orderlion/,orderlion.com,Vienna,Vienna,AgTech/FoodTech,"['F&B', 'digitise', 'customer relationships']",B2B,False,True,False,False,7,Between €1 million-€ 2.5 million,3,7,6,5,66,0.15,0,funding
StreamTV Media,https://www.eu-startups.com/directory/streamtv-media/,stream.tv,Steyr,Upper Austria,Media & Entertainment,"['live streaming', 'media', 'products']",B2C,False,True,False,False,7,Between €1 million-€ 2.5 million,5,6,5,5,85,0.2,1,funding
TTTech Auto,https://www.eu-startups.com/directory/tttech-auto/,tttech-auto.com,Vienna,Vienna,Mobility,"['automated driving', 'safety', 'technology solutions']",B2B,False,True,False,False,7,No funding announced yet,2,7,6,7,66,0.25,0,no_funding
Velonto,https://www.eu-startups.com/directory/velonto/,,Linz,Upper Austria,Software & Analytics,"['urban delivery', 'platform', 'regionality']",B2B2C,False,False,True,False,7,No funding announced yet,1,7,5,6,66,0.15,0,inactive
ImageBiopsy lab,https://www.eu-startups.com/directory/imagebiopsy-lab-2/,imagebiopsy.com,Vienna,Vienna,Software & Analytics,"['MSK', 'AI', 'platform']",B2B,True,True,False,True,8,Between €5 million-€10 million,1,7,6,7,102,0.25,0,funding
bsurance,https://www.eu-startups.com/directory/bsurance/,bsurance.com,Vienna,Vienna,FinTech/InsurTech,"['insurance', 'B2C', 'digital']",B2B2C,False,True,False,True,8,Between €2.5 million-5 million,2,7,7,6,174,0.25,0,funding
Tubics,https://www.eu-startups.com/directory/tubics-2/,tubics.com,Vienna,Vienna,Software & Analytics,"['YouTube', 'content', 'platform']",B2B,False,True,False,True,8,Between €1 million-€ 2.5 million,0,8,8,6,66,0.18,1,funding
Point of New,https://www.eu-startups.com/directory/point-of-new-e-u/,pointofnew.at,Vienna,Vienna,Professional Services,"['Creativity', 'Innovation', 'Coaching']",B2B,False,True,False,False,8,No funding announced yet,0,7,4,5,56,0.25,0,no_funding
LAMA App,https://www.eu-startups.com/directory/lama-app/,lama-app.com,Vienna,Vienna,Other,"['experts', 'content', 'advertising']",B2C,True,True,False,False,8,No funding announced yet,0,6,4,5,25,0.2,0,no_funding
Storyblok,https://www.eu-startups.com/directory/storyblok-3/,storyblok.com,Linz,Upper Austria,Media & Entertainment,"['headless CMS', 'content experiences', 'API']",B2B,False,True,True,True,8,Between €10 million-€25 million,0,8,9,7,108,0.25,3,funding
WisR,https://www.eu-startups.com/directory/wisr-gmbh/,growwisr.com,Vienna,Vienna,Other,"['Demografischen Wandel', 'Belegschaft', 'Ruhestandsalter']",B2B,False,False,True,False,8,No funding announced yet,2,6,3,4,25,0.2,0,funding
Cleanhearing,https://www.eu-startups.com/directory/cleanhearing/,cleanhearing.com,Spittal an der Drau,Carinthia,Health,"['tinnitus', 'therapy', 'technology']",B2C,False,True,False,False,8,No funding announced yet,0,8,7,8,239,0.25,1,no_funding
boomerank,https://www.eu-startups.com/directory/boomerank/,boomerank.io,Wolkersdorf im Weinviertel,Lower Austria,Software & Analytics,"['eCommerce', 'AI', 'performance']",B2B,False,False,True,True,8,Between €100K-€500K,0,7,6,5,104,0.25,1,funding
Startaparat,https://www.eu-startups.com/directory/startaparat/,startaparat.com,Vienna,Vienna,Professional Services,"['startups', 'creativity', 'innovation']",B2B,False,True,False,False,8,No funding announced yet,0,7,6,9,263,0.25,1,no_funding
SHARK-Bike,https://www.eu-startups.com/directory/shark-bike/,shark-bike.com,Vienna,Vienna,Mobility,"['sustainable mobility', 'SHARK-Bike', 'carbon footprint']",B2C,False,True,True,False,8,No funding announced yet,0,7,6,5,104,0.25,2,no_funding
dinster.at,https://www.eu-startups.com/directory/dinster-at/,,Wien,Vienna,Professional Services,"['Empfehlungsportal', 'Dienstleistungen', 'Premium-Accounts']",B2C,False,False,True,False,8,No funding announced yet,1,6,5,5,239,0.1,1,inactive
reposée,https://www.eu-startups.com/directory/reposee/,reposee.com,Vienna,Vienna,PropTech,"['weekend houses', 'sharing', 'rental']",B2C,False,False,True,False,8,No funding announced yet,0,7,6,5,239,0.1,1,no_funding
Mostly AI,https://www.eu-startups.com/directory/mostly-ai/,mostly.ai,Vienna,Vienna,Software & Analytics,"['privacy', 'big data', 'applications']",B2B,True,True,False,True,8,Between €5 million-€10 million,1,7,5,6,10,0.3,0,funding
hello again,https://www.eu-startups.com/directory/hello-again-gmbh/,helloagain.at,Leonding,Upper Austria,Software & Analytics,"['customer loyalty', 'digital', 'SMEs']",B2B,False,True,True,False,8,No funding announced yet,0,7,6,6,266,0.15,0,no_funding
Testify,https://www.eu-startups.com/directory/testify-gmbh/,testify.io,Linz,Upper Austria,Software & Analytics,"['digitization', 'quality assurance', 'checklist']",B2B,False,True,True,True,8,No funding announced yet,0,8,7,6,290,0.2,1,no_funding
Allcyte,https://www.eu-startups.com/directory/allcyte/,allcyte.com,Vienna,Vienna,Health,"['personalised medicine', 'drug testing', 'AI-supported']",B2B,False,False,False,False,8,Between €5 million-€10 million,0,8,6,7,134,0.36,0,funding
Finmatics,https://www.eu-startups.com/directory/finmatics/,finmatics.com,Vienna,Vienna,Software & Analytics,"['accounting', 'automation', 'software']",B2B,False,True,True,False,8,Between €2.5 million-5 million,0,8,6,5,56,0.25,0,funding
Innerspace,https://www.eu-startups.com/directory/innerspace/,innerspace.eu,Wattens,Tyrol,Software & Analytics,"['training', 'virtual reality', 'life science']",B2B,False,True,True,True,8,Between €1 million-€ 2.5 million,4,7,6,5,92,0.2,0,funding
Leftshift One,https://www.eu-startups.com/directory/leftshift-one/,leftshiftone.com,Graz,Styria,Software & Analytics,"['Artificial Intelligence', 'Generative AI', 'customized AI solutions']",B2B,False,True,True,True,8,Between €1 million-€ 2.5 million,3,8,8,7,157,0.2,2,funding
contextflow,https://www.eu-startups.com/directory/contextflow/,contextflow.com,Vienna,Vienna,Software & Analytics,"['artificial intelligence', 'medical image analysis', 'radiology workflows']",B2B,True,True,False,True,9,Between €5 million-€10 million,0,8,7,6,81,0.25,0,funding
APEX Ventures,https://www.eu-startups.com/directory/apex-ventures/,apex.ventures,Vienna,Vienna,Software & Analytics,"['venture capital', 'start-ups', 'technology']",B2B,False,True,True,True,9,No funding announced yet,1,8,6,7,66,0.25,0,funding
Waterdrop,https://www.eu-startups.com/directory/waterdrop/,waterdrop.com,Vienna,Vienna,AgTech/FoodTech,"['micro drink', 'sugar-free', 'vitamins']",B2C,False,True,True,True,9,No funding announced yet,1,8,6,5,66,0.15,0,no_funding
Kivu Technologies,https://www.eu-startups.com/directory/kivu-technologies/,kivu.tech,Vienna,Vienna,Software & Analytics,"['innovation', 'technology', 'security']",B2B,False,True,False,True,9,Between €1 million-€ 2.5 million,1,7,5,6,116,0.25,0,funding
Fretello,https://www.eu-startups.com/directory/fretello/,fretello.com,Linz,Upper Austria,Software & Analytics,"['guitar', 'lessons', 'beginners']",B2C,False,True,True,True,9,Between €1 million-€ 2.5 million,1,8,7,5,102,0.14,0,funding
Enpulsion,https://www.eu-startups.com/directory/enpulsion/,enpulsion.com,"Wiener Neustadt, Niederosterreich",Lower Austria,Mobility,"['electric propulsion', 'satellites', 'technology']",B2B,False,True,True,True,9,Between €2.5 million-5 million,2,8,8,7,266,0.25,3,funding
Hydrogrid,https://www.eu-startups.com/directory/hydrogrid/,hydrogrid.eu,Vienna,Vienna,Energy,"['hydropower', 'automated IoT software', 'optimal production planning']",B2B,False,True,True,True,9,Between €500K-€ 1 million,0,8,8,7,100,0.2,1,funding
Schrott24,https://www.eu-startups.com/directory/schrott24/,schrott24.de,Graz,Styria,Software & Analytics,"['scrap metal', 'circular economy', 'technology']",B2B,False,True,False,True,9,Between €2.5 million-5 million,0,7,6,7,104,0.25,0,funding
LAMIE,https://www.eu-startups.com/directory/lamie/,lamie-direct.com,Linz,Upper Austria,FinTech/InsurTech,"['embedded insurance', 'Telcosurance', 'digital ecosystem']",B2B2C,False,True,True,False,10,No funding announced yet,3,7,7,6,218,0.25,2,no_funding
WEBCP,https://www.eu-startups.com/directory/webcp/,webcp.at,Linz,Upper Austria,Professional Services,"['Webdesign', 'Suchmaschinenoptimierung', 'Kundenzufriedenheit']",B2B,False,False,False,False,10,No funding announced yet,0,7,6,5,25,0.2,0,no_funding
DealMatrix,https://www.eu-startups.com/directory/dealmatrix-gmbh/,dealmatrix.com,Wöllersdorf,Lower Austria,Recruitment,"['dealflow', 'platform', 'insights']",B2B,False,True,True,True,10,No funding announced yet,0,7,8,7,174,0.25,0,no_funding
TeamEcho,https://www.eu-startups.com/directory/teamecho/,teamecho.com,Linz,Upper Austria,Software & Analytics,"['feedback', 'teams', 'solutions']",B2B,False,True,True,True,10,Between €1 million-€ 2.5 million,2,8,6,5,92,0.2,1,funding
x.news,https://www.eu-startups.com/directory/x-news/,x-news.eu,Pinkafeld,Burgenland,Software & Analytics,"['Media Reputation Management', 'AI-backed', 'cloud-based']",B2B,False,False,False,True,10,No funding announced yet,0,7,7,6,83,0.25,1,no_funding
Medicus AI,https://www.eu-startups.com/directory/medicus-ai/,medicus.ai,Vienna,Vienna,Software & Analytics,"['health', 'data', 'technology']",B2B2C,False,True,True,True,10,Between €5 million-€10 million,0,8,7,6,104,0.25,0,funding
ready2order,https://www.eu-startups.com/directory/ready2order/,ready2order.com,Vienna,Vienna,FinTech/InsurTech,"['POS', 'payment', 'solutions']",B2B,False,True,True,True,10,Between €5 million-€10 million,3,7,6,6,108,0.25,1,funding
Rendity,https://www.eu-startups.com/directory/rendity/,rendity.com,Vienna,Vienna,FinTech/InsurTech,"['real estate', 'investments', 'everyone']",B2C,False,True,True,True,10,Between €1 million-€ 2.5 million,1,8,6,5,8,0.0,0,funding
Ubiq.ai,https://www.eu-startups.com/directory/ubiq-ai/,,Vienna,Vienna,Mobility,"['urban mobility', 'mobility services', 'sustainable']",B2B,False,False,False,False,10,Between €500K-€ 1 million,1,7,5,6,22,0.18,0,inactive
