name,link,category,based_in,tags,founded
"Ideogram AI Review: Features, Pricing & Text-to-Image Technology Guide",https://www.eu-startups.com/directory/ideogram-ai-review-features-pricing-text-to-image-technology-guide/,Austria,uk,"ideogram, ideogram ai",2024
sora 2 web,https://www.eu-startups.com/directory/sora-2-web/,Austria,Wagga Wagga,"sora 2 web,sora 2 free,sora 2 api",2025
Bewerbungsbild AI,https://www.eu-startups.com/directory/bewerbungsbild-ai/,Austria,Germany,ai,2023
Yumi42 – Growth Made Easy,https://www.eu-startups.com/directory/yumi42-growth-made-easy/,Austria,Vienna,"coaching, marketplace, transparent",2025
OpenSense Labs GmbH,https://www.eu-startups.com/directory/opensense-labs-gmbh/,Austria,Frankfurt am Main,"Digitale Transformation Agentur, Drupal Entwicklungsdienstleistungen, KI-Lösungen für Unternehmen",2017
Krajete,https://www.eu-startups.com/directory/krajete/,Austria,Pasching,"carbon capture, nox control, nox removal, CleanTech",2025
Submit Ninja,https://www.eu-startups.com/directory/submit-ninja/,Austria,Vienna,"Marketing, Voice of customer, Customer Feedback, Surveys",2025
Catchon tv,https://www.eu-startups.com/directory/catchon-tv/,Austria,Catchon,catchon,2025
Foto ATM,https://www.eu-startups.com/directory/foto-atm/,Austria,Lombard,Photo Booth Rentals,2018
FINMAN – Finance Manager,https://www.eu-startups.com/directory/finman-finance-manager/,Austria,Klein Heinrichschlag,"finance, accounting, automation, ai",2025
Orbit Flows,https://www.eu-startups.com/directory/orbit-flows/,Austria,Scottsdale,"saas, content production",2025
Begin Rebirth,https://www.eu-startups.com/directory/begin-rebirth/,Austria,Milsons Point,"Startup, Shopify, Health Supplement, Gut Health, Travel, Beauty, Immune System",2023
TAGBASE,https://www.eu-startups.com/directory/tagbase/,Austria,Vienna,"Software Development, Product Authenticity, Analytics",2025
Sortask,https://www.eu-startups.com/directory/sortask/,Austria,Graz,"Software Development, AI, App",2025
arterioscope,https://www.eu-startups.com/directory/arterioscope/,Austria,Graz,"Software Development, AI, Health Tech",2025
Diamens FlexCo,https://www.eu-startups.com/directory/diamens-flexco/,Austria,Linz,"Endometriosis, Medical science, Women health",2024
TACD Solutions,https://www.eu-startups.com/directory/tacd-solutions/,Austria,Vienna,"Software Development, Healthcare, Mobile accessibility, Automated shift swapping",2024
Rootery Coffee,https://www.eu-startups.com/directory/rootery-coffee/,Austria,Austria,"Sustainability, Healthy, Raw materials",2024
MakeMeABook,https://www.eu-startups.com/directory/makemeabook/,Austria,Vienna,"Book Publishing, Custom illustrations, Story Telling",2024
Agri Spectra AI,https://www.eu-startups.com/directory/agri-spectra-ai/,Austria,Vienna,"Precision Agriculture, Sustainable Agriculture, Plant Disease Detection, Crop Monitoring",2023
ZickZak,https://www.eu-startups.com/directory/zickzak/,Austria,Austria,"Staffing, Recruiting, AI",2023
Neworn,https://www.eu-startups.com/directory/neworn/,Austria,Vienna,"Retail, Recyclable Materials, Used Merchandise",2023
Syntropic Medical,https://www.eu-startups.com/directory/syntropic-medical/,Austria,Vienna,"Medical Equipment, Manufacturing, Treatments",2023
HMW,https://www.eu-startups.com/directory/hmw/,Austria,Ybbsitz,"Mobility, Electromobility, Vehicle construction",2023
Planet Abled,https://www.eu-startups.com/directory/planet-abled/,Austria,Vienna,"Sustainable Tourism , Inclusive Travel , Accessible Travel",2023
Dexla,https://www.eu-startups.com/directory/dexla/,Austria,Austria,"AI, Digital technologies, Big Data Analysis",2023
Planet Matters,https://www.eu-startups.com/directory/planet-matters/,Austria,Vienna,"Environment, Waste Management, Sustainable Tourism",2022
VERDI Solutions,https://www.eu-startups.com/directory/verdi-solutions/,Austria,Vienna,"Biotechnology Research, Analyzing genomics, Transcriptomics data",2022
Matara,https://www.eu-startups.com/directory/matara/,Austria,Vienna,"Learning Mathematics, Online Platform, Education",2022
MATR,https://www.eu-startups.com/directory/matr/,Austria,Vienna,"Hospitality, Entrepreneurs, Innovative",2022
energiedigital,https://www.eu-startups.com/directory/energiedigital/,Austria,Graz,"Software Development, Hardware components, IoT",2022
SpawnX,https://www.eu-startups.com/directory/spawnx/,Austria,Graz,"Agriculture, Construction, Mining Machinery Manufacturing",2022
AI Manga Translator,https://www.eu-startups.com/directory/ai-manga-translator/,Austria,"245 Wo Lung Street, Fanling, North District, Hong Kong","AI,Browser Extensions,Business",2023
Owl Email,https://www.eu-startups.com/directory/owl-email/,Austria,villach,"email marketing, b2b sales, b2b marketing, saas",2025
Openmart,https://www.eu-startups.com/directory/openmart/,Austria,"245 Wo Lung Street, Fanling, North District, Hong Kong",Cold Emails,2024
Paralino,https://www.eu-startups.com/directory/paralino/,Austria,Salzburg,"Lifestyle, Privacy, Mobile App, Location Sharing",2024
IntelliQ,https://www.eu-startups.com/directory/intelliq/,Austria,Vienna,"EdTech, AI, Quiz Platform, SaaS",2023
Stateshift,https://www.eu-startups.com/directory/stateshift/,Austria,Boulder,saas,2024
Larry Consulting,https://www.eu-startups.com/directory/larry-consulting/,Austria,Vienna,"data, consulting, ai, machine learning",2024
Rubii,https://www.eu-startups.com/directory/rubii/,Austria,"245 Wo Lung Street, Fanling, North District, Hong Kong","Chat,Chatbots",2024
Avdain,https://www.eu-startups.com/directory/avdain/,Austria,Vienna,"Company, Startup, One Person",2020
Softgen,https://www.eu-startups.com/directory/softgen/,Austria,Austria,"AI code assistant, full stack developer",2024
Popper Power GmbH,https://www.eu-startups.com/directory/popper-power-gmbh/,Austria,Vienna,"EV, Battery, BESS, Charging",2022
Setter AI,https://www.eu-startups.com/directory/setter-ai/,Austria,Wien,"AI, AI Agents, Sales & Marketing, AI SaaS, AI Tools, ChatGPT Powered, WhatsApp",2024
SurveySensum,https://www.eu-startups.com/directory/surveysensum/,Austria,vienna,"customer feedback, customer experience",2018
Artypa,https://www.eu-startups.com/directory/artypa/,Austria,Vienna,"AI Content, AI Productivity, AI Generation",2024
Share your Party,https://www.eu-startups.com/directory/share-your-party/,Austria,Vienna,"party, event planning, social community, app",2024
Podpally,https://www.eu-startups.com/directory/podpally/,Austria,Tyrol,"Podcast Preparation, Podcast Research, Topic research",2024
Pressure Washing Albany,https://www.eu-startups.com/directory/pressure-washing-albany/,Austria,loudonville,Pressure Washing,2024
lxbfYeaa,https://www.eu-startups.com/directory/no-title/,Austria,lxbfYeaa,1,2024
Wedding Capsule,https://www.eu-startups.com/directory/wedding-capsule/,Austria,Lochau,"Wedding & Event Planning, Lifestyle, Productivity, Personal Life, Wedding Guest book",2024
Hyrox Training Plans,https://www.eu-startups.com/directory/hyrox-training-plans/,Austria,Ober-wolfsbach,"Fitness, Health & Wellness, Hyrox Training",2024
DOLPHIN RADAR,https://www.eu-startups.com/directory/dolphin-radar/,Austria,AUSTRIA,"INSTAGRAM, SOCIAL MEDIA, DATA, ANALYSIS",2024
506.ai,https://www.eu-startups.com/directory/506ai/,Austria,Linz,"ai, process, automation",2020
Get Worksheet,https://www.eu-startups.com/directory/get-worksheet/,Austria,Vienna,"Education, Artificial Intelligence",2023
Finslice,https://www.eu-startups.com/directory/finslice/,Austria,Linz,"Fintech, Exchange, Alternative Investments, Tangible Assets",2024
FantasyGF AI,https://www.eu-startups.com/directory/fantasygf-ai/,Austria,Austria,"AI, SaaS, ChatBot",2023
DAIKI GmbH,https://www.eu-startups.com/directory/daiki-gmbh/,Austria,Vienna,"AI governance, Compliance software",2023
CaterMe,https://www.eu-startups.com/directory/caterme/,Austria,Piringsdorf,"catering, events",2020
WasItAI,https://www.eu-startups.com/directory/wasitai/,Austria,Vienna,AI-image detection,2024
Maps Scraper AI,https://www.eu-startups.com/directory/maps-scraper-ai/,Austria,Collyer Quay,ai，maps scraper,2023
RTOPilot,https://www.eu-startups.com/directory/rtopilot/,Austria,Selker,"SaaS, EdTech, Vocational Education & Training, Startup",2024
Hypertxt,https://www.eu-startups.com/directory/hypertxt/,Austria,Vienna,"AI Content Generator,SEO Blog Posts",2023
Cimphony,https://www.eu-startups.com/directory/cimphony/,Austria,Thal,"SaaS, AI,Bussines",2024
digna GmbH,https://www.eu-startups.com/directory/digna-gmbh/,Austria,Vienna,"data quality, data observability tool, data quality solution, data warehouses, data centers, anomaly detection",2020
IDCanopy,https://www.eu-startups.com/directory/idcanopy/,Austria,Vienna,"KYC, KYB, eID, Fintech",2024
stomey OG,https://www.eu-startups.com/directory/stomey-og/,Austria,Wattens,"software development, design, business software,",2021
aiones,https://www.eu-startups.com/directory/aiones/,Austria,Vienna,"Business Process Discovery, AI Assistant, Knowledge Management, Process Management",2024
Permar AI Inc.,https://www.eu-startups.com/directory/permar-ai-inc/,Austria,Vienna,"Website Optimization, Landing Pages, Automation",2024
Evolushost,https://www.eu-startups.com/directory/evolushost/,Austria,Vienna,"Dedicated Server, VPS, Webhosting, Domains, Datacenter, Colocation",2020
DreamPetsAI,https://www.eu-startups.com/directory/dreampetsai/,Austria,Eglau,"Pet, AI Image, Photo Filter",2024
LinkedIn Company Insights by AroundDeal,https://www.eu-startups.com/directory/linkedin-company-insights-by-arounddeal/,Austria,Linz,"sales, marketing, Buyer Intent Data",2024
jeanszilla,https://www.eu-startups.com/directory/jeanszilla/,Austria,linz,"mens denim outfits, women denim outfits, Kids denim outfits",2024
OneTask,https://www.eu-startups.com/directory/onetask/,Austria,Selker,"Saas, Productivity",2024
WEME Global,https://www.eu-startups.com/directory/weme-global/,Austria,Salzburg,BigData,2019
ThinkValue,https://www.eu-startups.com/directory/thinkvalue/,Austria,Vienna,Fintech,2023
SimVenture,https://www.eu-startups.com/directory/simventure/,Austria,Linz,Sports,2021
Seven Bel,https://www.eu-startups.com/directory/seven-bel/,Austria,Linz,BigData,2018
Principia MBS,https://www.eu-startups.com/directory/principia-mbs/,Austria,St. Martin im Mühlkreis,"CAE, Cloud Computing, Engineering",2023
Praxilla,https://www.eu-startups.com/directory/praxilla/,Austria,Linz,"Cloud Computing, SaaS, Software",2023
N Vision,https://www.eu-startups.com/directory/n-vision/,Austria,Graz,"AI, Big Data, Geospatial",2023
money:care,https://www.eu-startups.com/directory/moneycare/,Austria,Vienna,"Fintech, Sustainability",2021
MetabolizeMe,https://www.eu-startups.com/directory/metabolizeme/,Austria,Vienna,Health,2022
Magmatic,https://www.eu-startups.com/directory/magmatic/,Austria,Vienna,Health,2022
logicdev,https://www.eu-startups.com/directory/logicdev/,Austria,Graz,BigData,2020
Easy Month End,https://www.eu-startups.com/directory/easy-month-end/,Austria,Giga,"SaaS, Finance, Fintech, Month end, accounting, reconciliations, checklist, audit",2024
infrared.city,https://www.eu-startups.com/directory/infrared.city,Austria,Vienna,"AI, BigData, SaaS",2023
Foolproof Skin,https://www.eu-startups.com/directory/foolproof-skin/,Austria,Vienna,"AI, Health, Beauty",2022
ESG Chain,https://www.eu-startups.com/directory/esg-chain/,Austria,Vienna,BigData,2022
Enzyan Biocatalysis,https://www.eu-startups.com/directory/enzyan-biocatalysis/,Austria,Graz,Sustainability,2022
EnergyFamily,https://www.eu-startups.com/directory/energyfamily/,Austria,Euratsfeld,"Energy, IoT, SaaS",2022
creonect,https://www.eu-startups.com/directory/creonect/,Austria,Wolfern,"IoT, Machinery, SaaS",2023
Bundre,https://www.eu-startups.com/directory/bundre/,Austria,Linz,"Fashion, Retail, Sustainability",2023
Beat Shaper,https://www.eu-startups.com/directory/beat-shaper/,Austria,Vienna,"AI, Music, Entertainment",2023
APICHAMP,https://www.eu-startups.com/directory/apichamp/,Austria,Linz,"Backend as a Service, SaaS, Software",2022
TasteMy.City,https://www.eu-startups.com/directory/tastemy.city,Austria,Linz,"Entertainment, Retail, Travel",2023
RobotDreams,https://www.eu-startups.com/directory/robotdreams/,Austria,Graz,"AI, Health",2019
Redeem Solar Technologies,https://www.eu-startups.com/directory/redeem-solar-technologies/,Austria,Graz,Energy,2023
refinq,https://www.eu-startups.com/directory/refinq/,Austria,Vienna,BigData,2023
optivice.energy,https://www.eu-startups.com/directory/optiviceenergy/,Austria,Vienna,"Energy, AI, Sustainability",2023
myAcker,https://www.eu-startups.com/directory/myacker/,Austria,Spittal an der Drau,Farming,2018
SpaceXpanse Multiverse,https://www.eu-startups.com/directory/spacexpanse-multiverse/,Austria,Vienna,"Metaverse, GameFi, Blockchain, DApp",2022
HerzensApp,https://www.eu-startups.com/directory/herzensapp/,Austria,Graz,"Health, BigData, SaaS",2022
Glink,https://www.eu-startups.com/directory/glink/,Austria,Traismauer,BigData,2020
cyclebee,https://www.eu-startups.com/directory/cyclebee/,Austria,Graz,"SaaS, Sports",2020
commonsun,https://www.eu-startups.com/directory/commonsun/,Austria,Vienna,"Energy, Solar, Sustainability",2017
blue auditor,https://www.eu-startups.com/directory/blue-auditor/,Austria,Vienna,Sustainability,2017
Biomotion,https://www.eu-startups.com/directory/biomotion/,Austria,Vienna,"Health, SaaS",2022
BeVi,https://www.eu-startups.com/directory/bevi/,Austria,Vienna,"AI, E-Commerce, Retail",2023
Beetle ForTech,https://www.eu-startups.com/directory/beetle-fortech/,Austria,Tulln,"Agritech, Sustainability",2021
Plantarista,https://www.eu-startups.com/directory/plantarista/,Austria,Linz,"Food & Beverage, Retail, Sustainability",2022
Flapjack,https://www.eu-startups.com/directory/flapjack/,Austria,Graz,"BigData, SaaS",2022
EscapeCloud,https://www.eu-startups.com/directory/escapecloud/,Austria,Vienna,"cloudexit, cloudexitstrategy, cloudexitplan",2024
Hololight,https://www.eu-startups.com/directory/hololight/,Austria,Innsbruck,"Augmented Reality, Software Development, Automotive, Mixed Reality",2015
Necture,https://www.eu-startups.com/directory/necture/,Austria,Vienna,"IT Services, IT Consulting, Vehicles, Charged",2015
Neara,https://www.eu-startups.com/directory/neara/,Austria,Redfern,Content Management System Authentication Services Marketing Automation,2016
Whalecard,https://www.eu-startups.com/directory/whalecard/,Austria,Vienna,"AI, App, Data, Records",2024
spixnet,https://www.eu-startups.com/directory/spixnet/,Austria,Mattersburg,"E-Mail, Anti-Ransomware, Data Security, Software Products",2022
byeagain,https://www.eu-startups.com/directory/byeagain/,Austria,Fernitz-Mellach,"E-commerce, Retail, SAAS, B2C",2022
Damn Plastic,https://www.eu-startups.com/directory/damn-plastic/,Austria,Salzburg,"Retail, Distribution and Wholesalers, E-commerce, B2C",2022
OwnerChip,https://www.eu-startups.com/directory/ownerchip/,Austria,Wien,"Design Services, Integration Services, IT Management, B2C, B2B",2022
Parastruct,https://www.eu-startups.com/directory/parastruct/,Austria,Innsbruck,"Engineering, Professional Services, Scientific & Academic Research, B2B",2021
PiktID,https://www.eu-startups.com/directory/piktid/,Austria,Klagenfurt,"Online Audio, Video Media, SaaS, AI",2022
SchuBu Systems,https://www.eu-startups.com/directory/schubu-systems/,Austria,Vienna,"Books and Graphic Novels, E-commerce, Publishers, B2C",2020
Boolee,https://www.eu-startups.com/directory/boolee/,Austria,Vienna,"Software Development, Marketing Strategies, Data Management",2023
YouKnowMeBest,https://www.eu-startups.com/directory/youknowmebest/,Austria,Vienna,"E-commerce Solutions, Retail, Online Business, B2C",2020
Qualisent,https://www.eu-startups.com/directory/qualisent/,Austria,Vienna,"SaaS, GTM, AI",2024
PassionClass,https://www.eu-startups.com/directory/passionclass/,Austria,vienna,#PassionClass #OnlineLearning #LanguageLearning,2023
SheetMagic,https://www.eu-startups.com/directory/sheetmagic/,Austria,Vienna,#SheetMagic #GoogleSheets #AIContentGeneration #WebScraping,2021
https://www.branding5.com/,https://www.eu-startups.com/directory/httpswwwbranding5com/,Austria,Vienna,"brand positioning, ai, marketing stategy",2023
FragDasPDF – Simply talk to any PDF,https://www.eu-startups.com/directory/fragdaspdf-simply-talk-to-any-pdf/,Austria,Vienna,"productivity, pdf",2023
Feel Forever Young,https://www.eu-startups.com/directory/feel-forever-young/,Austria,Graz,"food, fermentation, healthy, snack",2023
AEROMOND,https://www.eu-startups.com/directory/aeromond/,Austria,Vienna,"in-flight services, on-board experience, passenger satisfaction, standardized cabin communication",2023
Timeular,https://www.eu-startups.com/directory/timeular/,Austria,Innsbruck,"time tracking, productivity",2016
SAGLY,https://www.eu-startups.com/directory/sagly/,Austria,Salzburg,"mobile, consumer, sports, b2c",2021
Vigilios,https://www.eu-startups.com/directory/vigilios/,Austria,Vienna,"safety tech, safety app, personal safety",2023
CrmOne,https://www.eu-startups.com/directory/crmone/,Austria,Berkeley,"CRM, Free CRM, Online CRM, Saas",2022
HeyBob,https://www.eu-startups.com/directory/heybob/,Austria,Vienna,"HeyBob, AI Innovation, Creativity, Productivity, Prompt Builder, AI Models, OpenAI, Gemini,",2023
Whistle,https://www.eu-startups.com/directory/whistle/,Austria,Viena,"SaaS, Data Privacy, Whistleblowing",2020
COOLIN,https://www.eu-startups.com/directory/coolin/,Austria,Austria,"Sustainability, Logistics, Cooling, Transportation",2023
TrendFeedr,https://www.eu-startups.com/directory/trendfeedr/,Austria,Vienna,"Foresight management, Technology landscaping, competitor landscaping, startup identification, partner identification, trend scouting, patent monitoring, intelligence monitoring, research monitoring, news monitoring, innovation intelligence, technology intelligence, innovation scouting, SaaS, trends and technologies, startup scouting, business intelligence, trend intelligence, API, supplier sourcing, big data, ai, discovery, landscaping, research, startup program, decision support system, innovation report, deal-flow service, open innovation, corporate innovation, data science, market research, Market Intelligence, Market Trends, Trend Analysis, trend discovery, innovation management",2014
Brevius,https://www.eu-startups.com/directory/brevius/,Austria,Vienna,"sustainability, esg, csrd, data",2023
alwritely,https://www.eu-startups.com/directory/alwritely/,Austria,Vienna,"writing, copywriting, content writing, editing",2023
Godot,https://www.eu-startups.com/directory/godot/,Austria,Vienna,"DeepTech, Wellbeing, Behaviour Change",2023
Destination360 – Destinations with value.,https://www.eu-startups.com/directory/destination360-destinations-with-value/,Austria,Graz,"software as a service, destination measurement, destination analytics, semantic analysis",2023
tidalbase,https://www.eu-startups.com/directory/tidalbase/,Austria,Vienna,"Edtech, Saas, Coworking, AI",2021
NO/FUZZ Marketing,https://www.eu-startups.com/directory/no-fuzz-marketing/,Austria,Vienna,"marketing, advertising, sales, growth",2023
RebeccAi,https://www.eu-startups.com/directory/rebeccai/,Austria,Innsbruck Fulpmes,"ai, business, idea, evaluation",2023
Destination360,https://www.eu-startups.com/directory/destination360/,Austria,Graz,"SaaS, Software Development, Graphic Design, Content Creation",2023
Oscar Stories,https://www.eu-startups.com/directory/oscar-stories/,Austria,Vienna,"AI, story",2023
Storypact,https://www.eu-startups.com/directory/storypact/,Austria,Vienna,"Brand Marketing, SEO, Publishing, IT Services",2023
clone:it,https://www.eu-startups.com/directory/cloneit/,Austria,Graz,"Construction, Software, Digital",2023
slamstr,https://www.eu-startups.com/directory/slamstr/,Austria,Graz,"Apps, Mobile Apps, Social, Tennis",2023
Glasskube,https://www.eu-startups.com/directory/glasskube/,Austria,Vienna,"Technology, Information, Internet, Cybersecurity",2023
Wiro Consulting,https://www.eu-startups.com/directory/wiro-consulting/,Austria,Linz,"online-shops, websites, consulting",2023
AllstarsBot,https://www.eu-startups.com/directory/allstarsbot/,Austria,Vienna,"feedback, reviews, monitoring, slack",2023
eTutee,https://www.eu-startups.com/directory/etutee/,Austria,Graz,"online tutoring, personalized, empower, best grades",2023
Emma Wanderer,https://www.eu-startups.com/directory/emma-wanderer/,Austria,Vienna,"Remote Work, Workations, Travel & transport",2022
consola.finance,https://www.eu-startups.com/directory/consola-finance/,Austria,Vienna,"Web3, Blockchain, Reporting",2022
Brightmind.ai,https://www.eu-startups.com/directory/brightmind-ai/,Austria,Vienna,"Technology , MedTech, Neuroscience",2022
Autory,https://www.eu-startups.com/directory/autory/,Austria,Vienna,"IT, Developers, Businesses,",2022
Add to Water,https://www.eu-startups.com/directory/add-to-water/,Austria,Vienna,"Drinking Water, Water Lovers, Healthiest drink",2022
myCulture GmbH,https://www.eu-startups.com/directory/myculture-gmbh/,Austria,Vienna,"CultTech, marketplace, big data",2022
And-Less,https://www.eu-startups.com/directory/and-less/,Austria,Wien,"Packaging, Plastic waste, Circular economy, Sustainable",2022
FERTILABS GmbH,https://www.eu-startups.com/directory/fertilabs-gmbh/,Austria,Vienna,"Fertility, FemTech, HealthTech, Reproductive Medicine",2022
personly,https://www.eu-startups.com/directory/personly/,Austria,Graz,"personals,dating,craigslist,matching",2022
voidsy,https://www.eu-startups.com/directory/voidsy/,Austria,Wels,"Appliances, Electrical, Electronics Manufacturing",2022
silana,https://www.eu-startups.com/directory/silana/,Austria,Vienna,"Industrial Machinery, Manufacturing, Robotics, Artificial Intelligence",2022
Ohana,https://www.eu-startups.com/directory/ohana/,Austria,Sankt Georgen An Der Gusen,"Mobile, Computing, Software, Products",2022
nuvo,https://www.eu-startups.com/directory/nuvo-2/,Austria,Vienna,"Software Development, 3D Technology, E-commerce, Virtualization",2022
Metaloop,https://www.eu-startups.com/directory/metaloop/,Austria,Graz,"Internet, Scrap Metal, Consultancy, Marketplace",2022
heyqq – ask away,https://www.eu-startups.com/directory/heyqq-ask-away/,Austria,Vienna,"audio, social, app",2022
HEYRISE,https://www.eu-startups.com/directory/heyrise/,Austria,Wels,"Personal Health, Human Services, Wellness",2022
HeldYn,https://www.eu-startups.com/directory/heldyn/,Austria,Vienna,"Nursing, Therapy, Experiences, Physiotherapy",2022
Golden Whale Productions,https://www.eu-startups.com/directory/golden-whale-productions/,Austria,Vienna,"Data Science, Machine Learning, Gaming, iGaming",2022
GATE Space,https://www.eu-startups.com/directory/gate-space/,Austria,Vienna,"Aviation, Aerospace, Tech",2022
Flinn Comply,https://www.eu-startups.com/directory/flinn-comply/,Austria,Vienna,"Software Development, Medical Device, Medical Instruments",2022
NXRT,https://www.eu-startups.com/directory/nxrt/,Austria,Wien,"Artificial Intelligence, Automotive, Autonomous Vehicles, Education, Enterprise Software, Information Technology, Railroad, Software, Software Engineering",2022
ReDev,https://www.eu-startups.com/directory/redev/,Austria,Vienna,"Information Technology, Recruiting, SaaS, Software",2022
Revitalyze,https://www.eu-startups.com/directory/revitalyze/,Austria,Innsbruck,"Building Material, Green Building, Logistics, Marketplace, Recycling, Waste Management",2022
Coachfident,https://www.eu-startups.com/directory/coachfident/,Austria,Vienna,"coaching, personal development, career coaching",2022
Goddard – Discovery,https://www.eu-startups.com/directory/goddard-discovery/,Austria,Hagenberg,"Artificial Intelligence, Machine Learning, Application Development",2022
Datogy,https://www.eu-startups.com/directory/datogy-gmbh/,Austria,Wien,"SEO, marketing, agency",2022
prop.ID – simply real estate,https://www.eu-startups.com/directory/prop-id-simply-real-estate/,Austria,Vienna,"real estate, digitalisation, owner meetings, property management",2022
fynk,https://www.eu-startups.com/directory/fynk/,Austria,Vienna,"Contract Lifecycle Management, Contract Management",2022
SHOMUGO GmbH,https://www.eu-startups.com/directory/shomugo-gmbh/,Austria,Graz,"e-commerce,online marketplace,onlineshop,gamechanger",2022
Crew26,https://www.eu-startups.com/directory/crew26/,Austria,Linz,"young, modern, nice, professional",2022
reebuild,https://www.eu-startups.com/directory/reebuild/,Austria,Vienna,"Construction, Bureaucracy, Suppliers",2022
Proofcheck,https://www.eu-startups.com/directory/proofcheck/,Austria,Vienna,"AI, PDFs, Multilingual Machine, Web app",2022
Pluz Care,https://www.eu-startups.com/directory/pluz-care/,Austria,Vienna,"Find products, Order and pay online, data protection",2022
Simplexx,https://www.eu-startups.com/directory/simplexx-web-solutions/,Austria,Vienna,"online marketing, web design, SEO, Technical audits",2022
Neolime,https://www.eu-startups.com/directory/neolime/,Austria,Vienna,"Sexual Passions, Creators, Holistic creator",2022
Lightning Company,https://www.eu-startups.com/directory/lightning-company/,Austria,Vienna,"payments , Bitcoin , lightning network",2022
TUSECA,https://www.eu-startups.com/directory/tuseca/,Austria,vienna,"Real Estate, Shared ownership, Luxury real estate",2022
Heylog,https://www.eu-startups.com/directory/heylog/,Austria,Vienna,"Drivers via, WhatsApp, Facebook, Messenger",2022
Streamfire,https://www.eu-startups.com/directory/streamfire/,Austria,Vienna,"Digital Entertainment, Internet, Media and Entertainment, TV, Video, Video Streaming",2021
Surfvacationer,https://www.eu-startups.com/directory/surfvacationer/,Austria,Vienna,"Booking, surf camps",2021
Texterify,https://www.eu-startups.com/directory/texterify/,Austria,Vienna,"Collaboration, Developer APIs, Software, Translation Service",2021
yourStyle,https://www.eu-startups.com/directory/yourstyle/,Austria,Vienna,"Apps, Fashion, Retail, Software",2021
kutschi.consulting,https://www.eu-startups.com/directory/kutschi-consulting/,Austria,Voitsberg,"Consulting, Information Technology",2021
NOUMEN,https://www.eu-startups.com/directory/noumen/,Austria,Vienna,"Consumer, Consumer Goods, Personal Health, Wellness",2021
Quork,https://www.eu-startups.com/directory/quork/,Austria,Kritzendorf,"Marketplace, Service Industry, Software",2021
HELLO INSIDE,https://www.eu-startups.com/directory/hello-inside/,Austria,Vienna,"Biometrics, Health Care, Information Technology, Mobile Apps, Quantified Self, Wellness",2021
Justmarkt,https://www.eu-startups.com/directory/justmarkt/,Austria,Vienna,"Delivery, Delivery Service, E-Commerce, Grocery, Logistics, Mobile Apps, Same Day Delivery, Software",2021
GlobalRisk,https://www.eu-startups.com/directory/globalrisk/,Austria,Vienna,"Artificial Intelligence, Business Intelligence, Cyber Security, Information Technology, Risk Management",2021
exo one,https://www.eu-startups.com/directory/exo-one/,Austria,Vienna,"Consulting, Information Technology, Community",2021
Celeris Therapeutics,https://www.eu-startups.com/directory/celeris-therapeutics/,Austria,Graz,"Biotechnology, Information Technology, Life Science, Pharmaceutical",2021
etti.co,https://www.eu-startups.com/directory/etti-co/,Austria,Vienna,"Artificial Intelligence, Information Technology, Machine Learning, Product Search, Software, Visual Search",2021
21bitcoin,https://www.eu-startups.com/directory/21bitcoin/,Austria,Salzburg,"bitcoin, saving plan, investment, 21bitcoin, app",2021
zone14,https://www.eu-startups.com/directory/zone14/,Austria,Vienna,"Spectator Sports, SaaS, Videoanalyse, Performance Analysis",2021
Xperience,https://www.eu-startups.com/directory/xperience/,Austria,Vienna,"App, Social Media, Privacy, Development",2021
Windpuls,https://www.eu-startups.com/directory/windpuls/,Austria,Linz,"Sensor, Wind Energy, Wind Measurement, Mobile Device",2021
Vloor,https://www.eu-startups.com/directory/vloor/,Austria,Vienna,"Real Estate, PropTech, Digitization, Floor Plans, Automation",2021
VIRIDAD,https://www.eu-startups.com/directory/viridad/,Austria,Vienna,"Digital Platform, Software, SaaS, Eligibility Assessments",2021
Vinitor,https://www.eu-startups.com/directory/vinitor/,Austria,Linz,"Digital viticulture management, IT, Mobile Apps, Software",2021
trive studio,https://www.eu-startups.com/directory/trive-studio/,Austria,Vienna,"Venture Capital, Private Equity Principals, Marketing",2021
Testiny,https://www.eu-startups.com/directory/testiny/,Austria,Graz,"Software Development, IT, Information",2021
MedCom,https://www.eu-startups.com/directory/medcom/,Austria,Vienna,"Software, Apps, Paperless Lab",2021
Sneakit,https://www.eu-startups.com/directory/sneakit/,Austria,Vienna,"Retail Apparel, Fashion, E-commerce, Shopping",2021
Sendance,https://www.eu-startups.com/wpbdp_listing/sendance/,Austria,Linz,"Sensor, Electronics, Manufacturing, Healthcare, Sports, Smart Wearables",2021
Schrankerl,https://www.eu-startups.com/directory/schrankerl/,Austria,Vienna,"Foodtech, office catering, employer branding, SMEs",2021
Roi4Presenter,https://www.eu-startups.com/directory/roi4presenter/,Austria,Vienna,"IT Services, IT Consulting, Lead Generation, SaaS",2021
Openlaws,https://www.eu-startups.com/directory/openlaws/,Austria,Salzburg,"Compliance, Legal Tech, Productivity Tools",2021
notarity,https://www.eu-startups.com/directory/notarity/,Austria,Vienna,"Legal Tech, SaaS, Online Notarisations",2021
Netz Beweis,https://www.eu-startups.com/directory/netz-beweis/,Austria,Klosterneuburg,"Legal Services, Security Software",2021
mjuks,https://www.eu-startups.com/directory/mjuks/,Austria,Vienna,"Hospitals, Health Care, Retail Technology",2021
Miracl,https://www.eu-startups.com/directory/miracl-2/,Austria,Vienna,"Financial Services, Mortgage Brokers, Real State",2021
Luminous Labs,https://www.eu-startups.com/directory/luminous-labs/,Austria,Graz,"red light therapy, biohacking, light, skin health",2021
Let’s Connect,https://www.eu-startups.com/directory/lets-connect/,Austria,Innsbruck,"Digital Consulting, Online Support, Online Sales Channel",2021
Klarsicht,https://www.eu-startups.com/directory/klarsicht/,Austria,Vienna,"E-Commerce, Glasses, SEO, Marketing",2021
Keyone,https://www.eu-startups.com/directory/keyone/,Austria,Innsbruck,"Hospitality, Property Insurance, Real State, Rental",2021
myshopifystores,https://www.eu-startups.com/directory/myshopifystores/,Austria,Boorklyn,"premade, shopifystore, ecommerce, onlinestore",2021
HeartBeat.bio,https://www.eu-startups.com/directory/heartbeat-bio/,Austria,Vienna,"Biotechnogy, Cardiology, Healthcare",2021
imd BIOTECH,https://www.eu-startups.com/directory/imd-biotech/,Austria,Vienna,"Biotechnology Research, Healthcare, Pharmaceutical",2021
Futureweb,https://www.eu-startups.com/directory/futureweb/,Austria,Sankt Johann,"Matterport, Webdesign, Hosting, 3D Scans",2021
Econutri,https://www.eu-startups.com/directory/econutri/,Austria,Graz,"Biotechnology, CO2, Bio-Process",2021
Delphi Data Labs,https://www.eu-startups.com/directory/delphi-data-labs/,Austria,Vienna,"data science, market analysis, circular economy, hydrogen",2021
Dark Forest,https://www.eu-startups.com/directory/dark-forest/,Austria,Vienna,"Web3, Developing Tool, Tech",2021
Daphos,https://www.eu-startups.com/directory/daphos/,Austria,Linz,"Software Development, Healthcare, Analysis",2021
CellEctric Biosciences,https://www.eu-startups.com/directory/cellectric-biosciences/,Austria,Vienna,"Medical Device, Electroporation, In-vitro diagnostics",2021
captic.io,https://www.eu-startups.com/directory/captic-io/,Austria,Vienna,"White-label Metaverse solution, 3D virtual worlds, Automatic graphic optimisation",2021
Beyond Now,https://www.eu-startups.com/directory/beyond-now/,Austria,Premstatten,"Digital Business Platforms, Technology, Software Development, BSS",2021
Auvaria,https://www.eu-startups.com/directory/auvaria/,Austria,Vienna,"Cloud Consulting, AWS Consulting, Cloud Transformation, DevOps Engineering",2021
Artikuno,https://www.eu-startups.com/directory/artikuno/,Austria,Vienna,"Consumer Goods, E-commerce, Analytics, Logistics",2021
Arboretum Haus,https://www.eu-startups.com/directory/arboretum-haus/,Austria,Niederosterreich,"Construction, prefabricated houses, sustainable architecture",2021
afreshed,https://www.eu-startups.com/directory/afreshed/,Austria,Linz,"Grocery, Sustainable, Food Rescue, Organic",2021
24 Sens,https://www.eu-startups.com/directory/24-sens/,Austria,Lustenau,"medical professions, software, Digital",2021
123 Shared Mobility,https://www.eu-startups.com/directory/123-shared-mobility-holding-gmbh/,Austria,Ternitz,"Automotive, Transporters, Rental",2021
I Style You Daily,https://www.eu-startups.com/directory/i-style-you-daily/,Austria,Innsbruck,"Apps, Fashion, Information Services, Software",2021
Fermify,https://www.eu-startups.com/directory/fermify/,Austria,Gerasdorf Bei Wien,"Biopharma, Biotechnology, Domesticate Microorganisms",2021
F-Technologies,https://www.eu-startups.com/directory/f-technologies/,Austria,Lustenau,"Electronics, Medical, Security, Sustainability",2021
Explore with us,https://www.eu-startups.com/directory/explore-with-us/,Austria,Innsbruck,"Tourism, Travel, Travel Agency",2021
CamBuildr,https://www.eu-startups.com/directory/cambuildr/,Austria,Vienna,"Email Marketing, Marketing, Non Profit, Politics",2021
Ataleo,https://www.eu-startups.com/directory/ataleo/,Austria,Vienna,"Software, IT Services, IT Consulting",2021
ArtAdvance,https://www.eu-startups.com/directory/artadvance/,Austria,Vienna,"Art, Cryptocurrency, Finance, Financial Services",2021
Arkeon Biotechnologies,https://www.eu-startups.com/directory/arkeon-biotechnologies/,Austria,Tulln,"Biotechnology, Organic Food, Organic",2021
Arcletic,https://www.eu-startups.com/directory/arcletic/,Austria,Vienna,"Health Care, Medical, Mobile, Sports",2021
ONE TWO BEER,https://www.eu-startups.com/directory/one-two-beer/,Austria,Vienna,"Brewery, Technology, Beverages",2021
Campstar,https://www.eu-startups.com/directory/campstar/,Austria,Vienna,Campervan rental worldwide,2021
Ada Growth,https://www.eu-startups.com/directory/ada-growth/,Austria,Vienna,"Education, Learning, B2B, SaaS",2021
Arkeon,https://www.eu-startups.com/directory/arkeon/,Austria,Vienna,"microorganism, gas fermentation, biotech",2021
Affluens Group,https://www.eu-startups.com/directory/affluens-group/,Austria,Vienna,"Digital Marketing, Lead Generation, App Development, Magazine, Shop",2021
Lignovations,https://www.eu-startups.com/directory/lignovations/,Austria,"Tulln, Austria","materials, sustainability, deeptech, lignin",2021
CyberACI,https://www.eu-startups.com/directory/cyberaci/,Austria,Vienna,"cybersecurity, consulting",2021
CrowdTiger,https://www.eu-startups.com/directory/crowdtiger/,Austria,Vienna,"Finance, Financial Services, Real Estate",2021
FUA Investment Club,https://www.eu-startups.com/directory/fua-investment-club/,Austria,Vienna,"Finance, Financial Exchanges, Financial Services",2021
exo-one,https://www.eu-startups.com/directory/exo-one-2/,Austria,Vienna,Consulting,2021
ettico,https://www.eu-startups.com/directory/ettico/,Austria,Vienna,"Artificial Intelligence, Information Technology, Machine Learning, Product Search, Software, Visual Search",2021
hNow,https://www.eu-startups.com/directory/hnow/,Austria,Graz,"E-Commerce, mobile",2021
Leaders21com,https://www.eu-startups.com/directory/leaders21com/,Austria,Leonding,"E-Learning, Personal Development, Training",2021
MedCom,https://www.eu-startups.com/directory/medcom-2/,Austria,Vienna,"Digital Laboratory, Software",2021
MIM.365,https://www.eu-startups.com/directory/mim-365/,Austria,Bad Voslau,"Industrial Automation, Manufacturing, SaaS",2021
mlxar,https://www.eu-startups.com/directory/mlxar/,Austria,Vienna,"Machine Learning, Software, Video Games",2021
Noreja,https://www.eu-startups.com/directory/noreja/,Austria,Vienna,"Data Mining, Information Technology, SaaS, Software",2021
OPEN social audio,https://www.eu-startups.com/directory/open-social-audio/,Austria,Vienna,"Apps, Software",2021
PROPUP,https://www.eu-startups.com/directory/propup/,Austria,Vienna,"Real Estate, SaaS, Software",2021
DeepLYNX,https://www.eu-startups.com/directory/deeplynx/,Austria,Vienna,"E-Commerce, Information Technology, Software",2020
BugBattle,https://www.eu-startups.com/directory/bugbattle/,Austria,Dornbirn,"Apps, Productivity Tools, Software",2020
Algonist Biotechnologies,https://www.eu-startups.com/directory/algonist-biotechnologies/,Austria,Vienna,"Biotechnology, Pharmaceutical",2020
506.ai,https://www.eu-startups.com/directory/506-ai/,Austria,Oberosterreich,"Advertising, Analytics, Artificial Intelligence, Data Visualization",2020
Shopstory,https://www.eu-startups.com/directory/shopstory/,Austria,Vienna,"Artificial Intelligence, E-Commerce, Marketing Automation, SaaS",2020
25superstars,https://www.eu-startups.com/directory/25superstars/,Austria,Vienna,"content creator, social media",2020
CoCo,https://www.eu-startups.com/directory/coco-2/,Austria,Vienna,"Analytics,Instagram,Marketing",2020
Gamble-Verluste TS,https://www.eu-startups.com/directory/gamble-verluste-ts-prozessfinanzierungs-gmbh/,Austria,Vienna,"casino-klage, online-casino, geld zurück, spielsucht",2020
Revo Foods,https://www.eu-startups.com/directory/revo-foods/,Austria,Vienna,"Food, FoodTech, 3D",2020
Helu.io,https://www.eu-startups.com/directory/helu-io/,Austria,Vienna,"Data, Financial, Analysis",2020
TRUENDO Technologies,https://www.eu-startups.com/directory/truendo-technologies/,Austria,Wien,"GDPR compliance, website compliance",2020
blackshark.ai,https://www.eu-startups.com/directory/blackshark-ai-2/,Austria,Graz,"Artificial intelligence, Earth observation, Computer vision, Autonomous driving",2020
Blue Monday Project,https://www.eu-startups.com/directory/blue-monday-project/,Austria,Vienna,"Big Data, Mobile Apps, Sustainability",2020
recordee,https://www.eu-startups.com/directory/recordee/,Austria,Vienna,"video, conference, highest quality",2020
Seasy GmbH,https://www.eu-startups.com/directory/seasy-gmbh/,Austria,Graz,"marina,berth,reservation,booking",2020
Ordito,https://www.eu-startups.com/directory/ordito/,Austria,Vienna,"Artificial Intelligence, Machine Learning, Predictive Analytics ,Retail ,SaaS",2020
enspired,https://www.eu-startups.com/directory/enspired/,Austria,Vienna,"Energy, Renewable Energy",2020
Similio Media,https://www.eu-startups.com/directory/similio-media/,Austria,Vienna,"Internet, platforms",2020
ReloPilot,https://www.eu-startups.com/directory/relopilot/,Austria,Vienna,"Human Resources, Marketplace, Software",2020
Guestia,https://www.eu-startups.com/directory/guestia/,Austria,Vienna,"Hospitality, travel",2020
Return on Art,https://www.eu-startups.com/directory/return-on-art/,Austria,Vienna,"Art, Augmented Reality, E-Commerce",2020
HelloBello,https://www.eu-startups.com/directory/hellobello/,Austria,Vienna,"Food Delivery, Pet",2020
DrainBot,https://www.eu-startups.com/directory/drainbot/,Austria,Graz,maintenance systems,2020
blackshark.ai,https://www.eu-startups.com/directory/blackshark-ai/,Austria,Graz,"Artificial Intelligence ,Autonomous Vehicles, Computer Vision, Geospatial",2020
enlivio,https://www.eu-startups.com/directory/enlivio/,Austria,Vienna,"digital health, online physiotherapy, gamification",2020
Campstar,https://www.eu-startups.com/directory/campstar-2/,Austria,Wien,"camper, worldwide, Travel",2020
Mursall Active Coating,https://www.eu-startups.com/directory/mursall-active-coating-gmbh/,Austria,Oberalm,"health, house, technology",2020
Venturify,https://www.eu-startups.com/directory/venturify/,Austria,Linz,"Advice, Consulting, Software",2020
TradersYard,https://www.eu-startups.com/directory/tradersyard/,Austria,Vienna,"Financial Services, trading platform, investment, software",2020
Tech2impact,https://www.eu-startups.com/directory/tech2impact/,Austria,Vienna,"Think Tanks, Startup Mentorship, Impact Tech, Consulting",2020
Taxtastic,https://www.eu-startups.com/directory/taxtastic/,Austria,Atzgersdorf,"IT Services, IT Consulting, Apps, Taxi Service",2020
Splitbee,https://www.eu-startups.com/directory/splitbee/,Austria,Vienna,"Analytics, Conversions, Software Development, Advertisingg",2020
Splex,https://www.eu-startups.com/directory/splex/,Austria,Vienna,"Java, Spring Boot, Angular, ThreeJS",2020
SHION,https://www.eu-startups.com/directory/shion/,Austria,Vienna,"Digital Sound Processing (DSP), AI Software, Active Acoustic Hardware",2020
SanusX,https://www.eu-startups.com/directory/sanusx/,Austria,Vienna,"Wellness, Fitness Services, healthcare, consulting",2020
SAN Group,https://www.eu-startups.com/directory/san-group/,Austria,Herzogenburg,"Real State, Service Industry, Biotechnology Research, Animal health",2020
rotable technologies,https://www.eu-startups.com/directory/rotable-technologies/,Austria,Vienna,"SaaS, Hospitals, Health Care, Software",2020
Rare Earth Games,https://www.eu-startups.com/directory/rare-earth-games/,Austria,Vienna,"Game Design, Game Development, Publishing, Computer Game",2020
Quantics GmbH,https://www.eu-startups.com/directory/quantics-gmbh/,Austria,Vienna,"Software, Forecasting, Planning, Supply Chain",2020
Proxygen,https://www.eu-startups.com/directory/proxygen/,Austria,Vienna,"Biotechnology Research, Life Science, Therapeutics",2020
Posedio,https://www.eu-startups.com/directory/posedio/,Austria,Vienna,"Consulting, IT, Services",2020
ParityQC,https://www.eu-startups.com/directory/parityqc/,Austria,Innsbruck,"quantum computing, IT Services, IT Consulting",2020
nista.io,https://www.eu-startups.com/directory/nista-io/,Austria,Vienna,"IoT, Energy Efficiency, Manufacturing, Knowledge Management",2020
Nexyo,https://www.eu-startups.com/directory/nexyo/,Austria,Vienna,"Data Market, Software Development, analytics, Dataecosystem",2020
MXR Tactics,https://www.eu-startups.com/directory/mxr-tactics/,Austria,Kufstein,"Software Development, Tech, Training",2020
Mazing,https://www.eu-startups.com/directory/mazing/,Austria,Vienna,"Augmented Reality, E-Commerce Platforms, Information Technology, Virtual Reality",2020
Marswalk,https://www.eu-startups.com/directory/marswalk/,Austria,Atzgersdorf,"Advertising, Consulting, Content, Marketing",2020
Kickscale,https://www.eu-startups.com/directory/kickscale/,Austria,Vienna,"Software Development, Consulting, IT",2020
Jongerius ecoduna,https://www.eu-startups.com/directory/jongerius-ecoduna/,Austria,Bruck An Der Leitha,"Algae, Microalgae, Biotechnology, Environment",2020
Instigo,https://www.eu-startups.com/directory/instigo/,Austria,Vienna,"Advertising Services, Digital Marketing, Machine Learning",2020
influData,https://www.eu-startups.com/directory/infludata/,Austria,Vienna,"Advertising Services, Brand Marketing, Consulting, Digital Marketing",2020
NumberX,https://www.eu-startups.com/directory/numberx/,Austria,Vienna,"Financial Services, FinTech, Information Technology",2020
Hygiene Austria,https://www.eu-startups.com/directory/hygiene-austria/,Austria,Vienna,"E-commerce, Wholesale, B2B",2020
Gurkerl.at,https://www.eu-startups.com/directory/gurkerl-at/,Austria,Vienna,"Retail, Food, supermarket, regionality",2020
Gleap,https://www.eu-startups.com/directory/gleap/,Austria,Dornbirn,"bug reporting, software development, app development, developer tools,",2020
Flasher,https://www.eu-startups.com/directory/flasher/,Austria,Graz,"Retail Appliances, Electrical, Electronic Equipment",2020
Findustrial,https://www.eu-startups.com/directory/findustrial/,Austria,Schörfling,"Fintech, Pay-per-Use, Equipment-as-a-Service, B2B Platform",2020
fairesLeben,https://www.eu-startups.com/directory/fairesleben/,Austria,Vienna,"Tenancy Law, Gambling Law, Overpaid Rent Recovery",2020
Factinsect,https://www.eu-startups.com/directory/factinsect/,Austria,Graz,"IT Services, IT Consulting, Software, Informattion Services",2020
Digicust,https://www.eu-startups.com/directory/digicust/,Austria,Vienna,"Deep-Tech, Intelligent Document Processing, Customs Code Classification",2020
Danube Dynamics,https://www.eu-startups.com/directory/danube-dynamics/,Austria,Linz,"Software Development, Embedded Computing, Hardware Design",2020
Competenz Lab,https://www.eu-startups.com/directory/competenz-lab/,Austria,Vienna,"E-Learning Providers, Human Resources, Professionals Services",2020
Cipacto,https://www.eu-startups.com/directory/cipacto/,Austria,Vienna,"Sensor Technology, Embedded Engineering, Beacon Technology",2020
Carbon Cleanup,https://www.eu-startups.com/directory/carbon-cleanup/,Austria,Linz,"Carbon Fiber, Sustainability, Environmental services",2020
Brusli,https://www.eu-startups.com/directory/brusli/,Austria,Vienna,"Food Beverages, Food Processing, Waste Management",2020
Digital Schneiderei,https://www.eu-startups.com/directory/digital-schneiderei/,Austria,Vienna,"Advertising, Internet, Marketing, SEO",2020
Bank99,https://www.eu-startups.com/directory/bank99/,Austria,Vienna,"Financial Services, Banking, Credit, Lending",2020
atmoky,https://www.eu-startups.com/directory/atmoky/,Austria,Graz,"3D Audio, immersive media, binaural rendering, audio software,",2020
AMRAX,https://www.eu-startups.com/directory/amrax/,Austria,Salzburg,"Deep Learning, Artificial Intelligence, 3D Reconstruction, Interior Design",2020
Alwyzon,https://www.eu-startups.com/directory/alwyzon/,Austria,Vienna,"VPS, Dedicated Servers, Datacenter, Hosting",2020
Sola Diagnostics,https://www.eu-startups.com/directory/sola-diagnostics/,Austria,Zams,"Biotechnology, Appeal, Particularly",2020
Streak,https://www.eu-startups.com/directory/streak/,Austria,Vienna,"Apps, Mobile, Social Media",2020
Streemfire,https://www.eu-startups.com/directory/streemfire/,Austria,Vienna,"Internet, Media and Enterainment, Video Streaming",2020
Jobchain,https://www.eu-startups.com/directory/jobchain/,Austria,Vienna,"FinTech, Recruiting, Financial Services",2020
JENTIS,https://www.eu-startups.com/directory/jentis/,Austria,Vienna,"Analytics, Big Data, Business Intelligence, Cloud Data Services",2020
Integrysign,https://www.eu-startups.com/directory/integrysign/,Austria,Wiener Neustadt,"Cyber Security, E-Signature, Identity Management, Security",2020
myReha,https://www.eu-startups.com/directory/myreha/,Austria,Vienna,"Artificial Intelligence, Health Care",2020
Nano Influence,https://www.eu-startups.com/directory/nano-influence/,Austria,Vienna,"Advertising, SaaS, Software",2020
hae.sh,https://www.eu-startups.com/directory/hae-sh/,Austria,Linz,"Blockchain, Cloud Computing, Risk Management",2020
Green Cloud Nine,https://www.eu-startups.com/directory/green-cloud-nine/,Austria,Jenbach,"E-Commerce, Retail, Sustainability",2020
NOVEM Gold,https://www.eu-startups.com/directory/novem-gold/,Austria,Linz,"Finance, Precious Metals",2020
Froots,https://www.eu-startups.com/directory/froots/,Austria,Vienna,"Asset Management, FinTech, Wealth Management",2020
Redem,https://www.eu-startups.com/directory/redem/,Austria,Linz,"Analytics, Market Research, SaaS, Software",2020
Repeato,https://www.eu-startups.com/directory/repeato/,Austria,Vienna,"Mobile Apps, Software, Usability Testing",2020
S-A-M Technologies,https://www.eu-startups.com/directory/s-a-m-technologies-gmbh/,Austria,Perg,"Agriculture, Artificial Intelligence, Farming, Robotics",2020
DOMA.market,https://www.eu-startups.com/directory/doma-market/,Austria,Vienna,"Artificial Intelligence, E-Commerce, Fashion, Information Technology",2020
Digiburn,https://www.eu-startups.com/directory/digiburn/,Austria,Vienna,"Health Care, Medical Device, mHealth, Mobile Apps",2020
simplify.art,https://www.eu-startups.com/directory/simplify-art/,Austria,Vienna,"Asset Management, Collaboration, CRM, Information Technology, SaaS, Software",2020
TALENT & MORE,https://www.eu-startups.com/directory/talent-more/,Austria,Vienna,"Consulting, Human Resources, Recruiting, Staffing Agency",2020
careety,https://www.eu-startups.com/directory/careety/,Austria,Vienna,"Health Care, Medical, Software",2020
Calm/Storm Ventures,https://www.eu-startups.com/directory/calm-storm-ventures/,Austria,Vienna,"Electronic Health Record (EHR), Fertility, Health Care, Health Diagnostics",2020
Vollville,https://www.eu-startups.com/directory/vollville/,Austria,Vienna,"Business Information Systems, Human Resources, Information Technology, Software",2020
WeDress Collective,https://www.eu-startups.com/directory/wedress-collective-gmbh/,Austria,Vienna,"Fashion, Internet",2020
Ahoy Kapptn!,https://www.eu-startups.com/directory/ahoy-kapptn/,Austria,Linz,"Android, Apps, iOS, Mobile Apps",2020
Asigmo,https://www.eu-startups.com/directory/asigmo-gmbh/,Austria,Vienna,"Artificial Intelligence, Corporate Training, Information Technology, Training",2020
Visplore,https://www.eu-startups.com/directory/visplore/,Austria,Vienna,"Analytics, Information Services, Software",2020
Wiffme,https://www.eu-startups.com/directory/wiffme/,Austria,Vienna,"Live streaming service, Efficient decisions, Stream live Wiffme",2020
Studylia,https://www.eu-startups.com/directory/studylia/,Austria,Baia Mare,"Marketplace, SaaS, Subscription",2020
Sophia Advisory,https://www.eu-startups.com/directory/sophia-advisory/,Austria,Vienna,"Marketplace, Services Industry, Business Solutions",2020
Sparcs,https://www.eu-startups.com/directory/sparcs/,Austria,Vienna,"Lifestyle, App, Social Network",2020
Audiomy,https://www.eu-startups.com/directory/audiomy-gmbh/,Austria,Vienna,"podcast advertising, podcasting, podcast marketplace",2020
THT Biomaterials,https://www.eu-startups.com/directory/tht-biomaterials/,Austria,Vienna,"Biotechnology Research, Medical Research Center,",2020
Luga UP,https://www.eu-startups.com/directory/luga-up/,Austria,Graz,"E-Learning Providers, Education, Online Course",2020
Crypto Ape,https://www.eu-startups.com/directory/crypto-ape/,Austria,Vienna,"blockchain development, cryptocurrency exchange development, token development",2020
Advolist,https://www.eu-startups.com/directory/advolist/,Austria,Vienna,"legal-tech, lawyer, attorney, law, find",2020
Speaketto,https://www.eu-startups.com/directory/speaketto/,Austria,Viena,"marketplace, conversations, machine learning, algorithm, practice",2020
seeqnc,https://www.eu-startups.com/directory/seeqnc/,Austria,Vienna,"music, license, rights, musictech",2020
LawStar,https://www.eu-startups.com/directory/lawstar/,Austria,Vienna,"E-Learning, Legal, Online Platform, Legal Assistance",2020
Inoqo,https://www.eu-startups.com/directory/inoqo/,Austria,Vienna,"Apps, CleanTech, GreenTech, Sustainability",2020
Probando,https://www.eu-startups.com/directory/probando/,Austria,Graz,"therapies, health, studies",2020
506,https://www.eu-startups.com/directory/506/,Austria,Linz,"Data Analysis, AI, Marketing Services",2020
S-A-M Technologies,https://www.eu-startups.com/directory/s-a-m-technologies/,Austria,Perg,"repetitive tasks, agricultural robot, heavy machinery",2020
Secondra.com,https://www.eu-startups.com/directory/secondra-com/,Austria,Vienna,"buy and sell second-hand, ad-free, vintage, homemade",2020
TeleDoc,https://www.eu-startups.com/directory/teledoc/,Austria,Vienna,"doctor online, medical consultation, prescription, digital consultation",2020
Circly,https://www.eu-startups.com/directory/circly/,Austria,Vienna,"Artificial Intelligence, Machine Learning, Predictive Analytics, Supply Chain Management",2020
VR Motion Learning,https://www.eu-startups.com/directory/vr-motion-learning-gmbh-co-kg/,Austria,Vienna,"VR tennis, sports, VR",2020
Reisenbauer Solutions,https://www.eu-startups.com/directory/reisenbauer-solutions-gmbh/,Austria,Vienna,"E-Mobility, Energy-Management, Energy-Communties, IoT",2020
WeDress Collective,https://www.eu-startups.com/directory/wedress-collective/,Austria,Vienna,"Fashion, Apparel, Internet",2020
Smart Inspection,https://www.eu-startups.com/directory/smart-inspection/,Austria,Vienna,"Information Technology, Mobile, Software",2020
Shoepy,https://www.eu-startups.com/directory/shoepy/,Austria,Neumarkt In Steiermark,"Online Marketplace, Independent Supplier, Online Shopping",2020
kontractory,https://www.eu-startups.com/directory/kontractory-2/,Austria,Vienna,"Information Technology, Legal Tech, Software",2020
kontractory,https://www.eu-startups.com/directory/kontractory/,Austria,Vienna,"Legal Tech, Information Technology, Services",2020
Holy Pit,https://www.eu-startups.com/directory/holy-pit/,Austria,Graz,"Cosmetics, Health Care, Manufacturing, Personal Health",2020
Glacier,https://www.eu-startups.com/directory/glacier/,Austria,Vienna,"Environmental Consulting, Environmental Engineering, Environmental Services",2020
Gateway Labs,https://www.eu-startups.com/directory/gateway-labs/,Austria,Vienna,"Information Technology, Information Services, Design",2020
difacturo GmbH,https://www.eu-startups.com/directory/difacturo-gmbh/,Austria,Gleisdorf,"blockchain, einvoice, identdity, RPA,",2019
devjobs.at IT-Recruiting,https://www.eu-startups.com/directory/devjobs-at-it-recruiting-gmbh/,Austria,Linz,"developers, hrtech, dev-employerbranding",2019
TMIA GmbH,https://www.eu-startups.com/directory/tmia-gmbh/,Austria,Linz,"FinTech, Digital Asset Custody, Blockchain",2019
VARS,https://www.eu-startups.com/directory/vars/,Austria,Vienna,"Metaverse, Virtual Reality, Augmented Reality, Apps development",2019
Interactive Paper,https://www.eu-startups.com/directory/interactive-paper/,Austria,Vienna,"advertising, marketing, digital, print",2019
Localrydes,https://www.eu-startups.com/directory/localrydes/,Austria,Wien,"marketplace, traveltech, urban mobility,",2019
Digando,https://www.eu-startups.com/directory/digando/,Austria,Dornbirn,online rental for construction equipment,2019
zerolens,https://www.eu-startups.com/directory/zerolens/,Austria,Vienna,"Photography, Software, Design",2019
AVISIO,https://www.eu-startups.com/directory/avisio/,Austria,Vienna,"Cloud, Hospitality, Artificial Intelligence",2019
Celantur,https://www.eu-startups.com/directory/celantur/,Austria,Linz,"Image Anonymization, Video Anonymization, Image Blurring, Video Blurring",2019
Coinpanion,https://www.eu-startups.com/directory/coinpanion/,Austria,Vienna,"Financial Services, Cryptocurrency, Fintech",2019
Digando.com,https://www.eu-startups.com/directory/digando-com-2/,Austria,Vorarlberg,"Rental, Market Place, Construction, Machines, Equipment",2019
Xencio GmbH,https://www.eu-startups.com/directory/xencio-gmbh/,Austria,Vienna,"business advisor, SMEs, cash-flow",2019
Cannabrother e.U,https://www.eu-startups.com/directory/cannabrother-e-u/,Austria,Leibnitz,"online shop, hemp, ecommerce",2019
Pixofarm,https://www.eu-startups.com/directory/pixofarm/,Austria,Vienna,"harvest estimation, optimize your harvest",2019
G.ST Antivirals,https://www.eu-startups.com/directory/g-st-antivirals/,Austria,Vienna,"Healthcare, human resources, medical staff",2019
MeetFox,https://www.eu-startups.com/directory/meetfox/,Austria,Wien,"CRM, Scheduling software, video-conferencing solution, payment integration",2019
World Data Lab,https://www.eu-startups.com/directory/world-data-lab/,Austria,Vienna,"data science, market research, consulting, insights",2019
Wood Space,https://www.eu-startups.com/directory/woodspace/,Austria,Niederosterreich,"Construction, Smar Building, Timber, Green Building, propTech",2019
Vlinder,https://www.eu-startups.com/directory/vlinder/,Austria,Hallein,"Financial Services, Blockchain, FinTech, Impact Investing",2019
VisualSearch,https://www.eu-startups.com/directory/visualsearch/,Austria,Vienna,"Consulting, IT Services, Market Research, IT Consulting",2019
VIPASO,https://www.eu-startups.com/directory/vipaso/,Austria,Vienna,"Financial Services, FinTech, MObile Payment",2019
Viesure Innovation Center,https://www.eu-startups.com/directory/viesure-innovation-center/,Austria,Vienna,"IT Services, IT Consulting, Insurance, Financial Services",2019
vibe moves you,https://www.eu-startups.com/directory/vibe-moves-you/,Austria,Vienna,"Electric cars, Retail, Motor Vehicles, mobility transition",2019
Veroo,https://www.eu-startups.com/directory/veroo/,Austria,Wiener Neudorf,"Digitalisation, Transport Monitoring, Value Chain Performance, Tracking",2019
Uloo.me,https://www.eu-startups.com/directory/uloo-me/,Austria,Vienna,"Apps, iOS, Software, consulting",2019
TTTech Industrial,https://www.eu-startups.com/directory/tttech-industrial/,Austria,Vienna,"Software Development, Industrial Automation, Digital Transformation, Edge Computing",2019
True Live,https://www.eu-startups.com/directory/true-live/,Austria,Wels,"IT, SOftware, Video Streaming, Advertising Services",2019
Trever,https://www.eu-startups.com/directory/trever/,Austria,Graz,"Software Development, Financial Services, FinTech, Trading Platform",2019
thinkers.ai,https://www.eu-startups.com/directory/thinkers-ai/,Austria,Vienna,"Web search, Data Science, Text Mining, SaaS",2019
Teamstack,https://www.eu-startups.com/directory/teamstack/,Austria,Vienna,"Identity Management, IT, Software, Software Company",2019
SUPPLiot,https://www.eu-startups.com/directory/suppliot/,Austria,Niederosterreich,"IT, digitization, SMEs, logistics",2019
STORE ROOM,https://www.eu-startups.com/directory/store-room/,Austria,Brunn Am Gebirge,"self storage, digitalization, sustainability, Transportation",2019
Staymate,https://www.eu-startups.com/directory/staymate/,Austria,Vienna,"Information Services, IT Services, IT Consulting",2019
sproof,https://www.eu-startups.com/directory/sproof/,Austria,Puch Bei Hallein,"Certificates, Cryptography, Digital Signatures, Network Security",2019
Sprad,https://www.eu-startups.com/directory/sprad/,Austria,Vienna,"Employee Referrals, HR Software, Recruiting Software",2019
SkinScreener,https://www.eu-startups.com/directory/skinscreener/,Austria,Graz,"Medical Equipment, Manufacturing, Mobile Apps, Artificial Intelligence",2019
SeaMoX Information Technologies,https://www.eu-startups.com/directory/seamox-information-technologies/,Austria,Vienna,"software development, WEB applications, mobile applications, enterprise services",2019
Runple,https://www.eu-startups.com/directory/runple/,Austria,Vienna,"CRM, E-comemrce, SaaS, Software Development",2019
Rosterize,https://www.eu-startups.com/directory/rosterize/,Austria,Vienna,"Airlines, Aviation, Artificial Intelligenece, Software",2019
Rebel Meat,https://www.eu-startups.com/directory/rebel-meat/,Austria,Vienna,"Food, Beverage Services, Healthy",2019
Read-Coop,https://www.eu-startups.com/directory/read-coop/,Austria,Innsbruck,"Handwritten Text Recognition, Science, Engineering, Transcription",2019
Quantego,https://www.eu-startups.com/directory/quantego/,Austria,Wiener Neustadt,"Optimization Software, Stochastic Optimization, Operations Research,",2019
Qapture,https://www.eu-startups.com/directory/qapture/,Austria,Linz,"Technology, Information, Media",2019
pivot.earth,https://www.eu-startups.com/directory/pivot-earth/,Austria,Vienna,"Motor Vehicle, Manufacturing, Analytics",2019
OuMaiGou,https://www.eu-startups.com/directory/oumaigou/,Austria,Parndorf,"E-commerce, Social, Retail Luxury Goods, Jewelry",2019
OTEREA,https://www.eu-startups.com/directory/oterea/,Austria,Vienna,"Real State, Sustainability Certifications, Technical Due Diligence, Monitoring",2019
Novasign,https://www.eu-startups.com/directory/novasign/,Austria,Vienna,"biotechnology, hybrid modeling, artificial intelligence, industrial",2019
NodeVenture,https://www.eu-startups.com/directory/nodeventure/,Austria,Linz,"FinTech, Digital Asset Custody, Blockchain, Software",2019
NEXTPART Security Intelligence,https://www.eu-startups.com/directory/nextpart-security-intelligence/,Austria,Linz,"Incident Response, Threat Intelligence, Security Operations",2019
MADiscover,https://www.eu-startups.com/directory/madiscover/,Austria,Innsbruck,"Information Services, M&A Screening, Target Screening, Shortlist Creation",2019
Lunixo,https://www.eu-startups.com/directory/lunixo/,Austria,Tiefgraben,"Software Development, Digital Signage, Software, Marketing",2019
Legitary,https://www.eu-startups.com/directory/legitary/,Austria,Vienna,"Artificial Intelligence, Music Streaming, IT, Software",2019
Kern Tec,https://www.eu-startups.com/directory/kern-tec/,Austria,Herzogenburg,"food tech, food production, upcycling",2019
Imperion,https://www.eu-startups.com/directory/imperion/,Austria,Vienna,"Consulting, IT, SOftware",2019
illwerke vkw,https://www.eu-startups.com/directory/illwerke-vkw/,Austria,Bregenz,"Utilities, Renewable Energy, Electrical Distribution",2019
Gradient Zero,https://www.eu-startups.com/directory/gradient-zero/,Austria,Vienna,"Differential Privacy, Machine Learning, Privacy-preserving Machine Learning",2019
ForgTin,https://www.eu-startups.com/directory/forgtin/,Austria,Braunau Am Inn,"Tinnitus, Medical Technology, Research, Medical Devices",2019
Flight Levels Academy,https://www.eu-startups.com/directory/flight-levels-academy/,Austria,Vienna,"Flight Levels, Business Agility, Leadership, Flow",2019
Enery,https://www.eu-startups.com/directory/enery/,Austria,Vienna,"Renewables, Clean Electricity, Project Development, Solar Energy",2019
Eberhart,https://www.eu-startups.com/directory/eberhart/,Austria,Micheldorf,"Finite element analysis, vibration engineering, thermodynamics, CFD analysis",2019
e.battery systems,https://www.eu-startups.com/directory/e-battery-systems/,Austria,Wolfurt,"Appliances, Electrical, Electronics Manufacturing, high-performance electronics",2019
Dreamwaves,https://www.eu-startups.com/directory/dreamwaves/,Austria,Vienna,"Mobile Apps, IT, Social Impact, Augmented Reality",2019
DrainBot,https://www.eu-startups.com/directory/drainbot-2/,Austria,Graz,"Truck Transportation, Robotics, Infrastructure",2019
Digital Moulds,https://www.eu-startups.com/directory/digital-moulds/,Austria,Sierning,"Information Technology Services, Software, Industrial Engineering",2019
Digando.com,https://www.eu-startups.com/directory/digando-com/,Austria,Dornbirn,"Construction, E-commerce, Rental, Marketplace",2019
DEKI,https://www.eu-startups.com/directory/deki/,Austria,Vienna,"Artificial Intelligence, Computer Vision, Machine Learning",2019
DECIDEA – make good decisions,https://www.eu-startups.com/directory/decidea-make-good-decisions-2/,Austria,Vienna,"Apps, Education, Finance, Consulting",2019
condignum,https://www.eu-startups.com/directory/condignum/,Austria,Vienna,"Cyber Security, Risk Management, Application Security",2019
Communi5,https://www.eu-startups.com/directory/communi5/,Austria,Vienna,"Telecommunications, IT, Tech",2019
Coders.Bay,https://www.eu-startups.com/directory/coders-bay/,Austria,Linz,"Coding, Softwareentwicklung, SAP, IT-Ausbildung",2019
Chatcloud,https://www.eu-startups.com/directory/chatcloud/,Austria,Saalfelden,"Collaboration, Communication, Software, Microsoft Teams, Slack, Chat,",2019
Brickwise,https://www.eu-startups.com/directory/brickwise/,Austria,Vienna,"Financial Services, Real Estate Investing, fintech",2019
Bonrepublic,https://www.eu-startups.com/directory/bonrepublic/,Austria,Vienna,"SaaS, Software, IT, HR",2019
BirdShades,https://www.eu-startups.com/directory/birdshades/,Austria,Leoben,"Real State, Environmental Services, mitigate bird-window collisions, greentech",2019
ARTI,https://www.eu-startups.com/directory/arti/,Austria,Graz,"Robotics, Mobile Robotics, Urban Logistics, Autonomous Systems",2019
Alveri,https://www.eu-startups.com/directory/alveri/,Austria,Salzburg,"Motor, Vehicle Manufacturing, Automotive",2019
AlbaJet Charter,https://www.eu-startups.com/directory/albajet-charter-gmbh-2/,Austria,Krumpendorf,"Travel Company, Airlines, Aviation",2019
AISEMO,https://www.eu-startups.com/directory/aisemo/,Austria,Weibern,"Automation, Machinery, Manufacturing, Software",2019
a:head bio,https://www.eu-startups.com/directory/ahead-bio/,Austria,Vienna,"Pharmaceutical Manufacturing, Biotechnology, Drug Discovery",2019
Krew,https://www.eu-startups.com/directory/krew/,Austria,Lenzing,"Information Services, Information Technology, Social Media, Software",2019
Liquidary.com,https://www.eu-startups.com/directory/liquidary-com/,Austria,Vienna,"Blockchain, Cryptocurrency, Finance, FinTech",2019
Joinpoints,https://www.eu-startups.com/directory/joinpoints/,Austria,Graz,"CRM, Software, Internet Publishing",2019
i4SEE TECH,https://www.eu-startups.com/directory/i4see-tech/,Austria,Graz,"Artificial Intelligence, Information Technology, Machine Learning, Predictive Analytics, Renewable Energy, Software",2019
MLReef,https://www.eu-startups.com/directory/mlreef/,Austria,Neidling,"Artificial Intelligence, IaaS, Information Technology, Internet, Machine Learning, Software",2019
Gropyus,https://www.eu-startups.com/directory/gropyus/,Austria,Vienna,"Construction, Green Building, Real Estate, Residential",2019
OE Service,https://www.eu-startups.com/directory/oe-service/,Austria,Klagenfurt,"Apps, Automotive, Mobile Apps",2019
fiskaly,https://www.eu-startups.com/directory/fiskaly/,Austria,Vienna,"Compliance, Financial Services, Information Technology",2019
Fauna,https://www.eu-startups.com/directory/fauna/,Austria,Graz,"Audio, Electronics, Eyewear, Wearables",2019
Pow Wow Entertainment,https://www.eu-startups.com/directory/pow-wow-entertainment/,Austria,Vienna,"Online Games, PC Games, Computer Games",2019
Pregenerate,https://www.eu-startups.com/directory/pregenerate/,Austria,Vienna,"Biotechnology, Life Science, Medical Device",2019
Prop.ID,https://www.eu-startups.com/directory/prop-id/,Austria,Vienna,Real Estate,2019
QUANTRO Therapeutics,https://www.eu-startups.com/directory/quantro-therapeutics/,Austria,Vienna,"Biotechnology, Pharmaceutical",2019
S1Seven,https://www.eu-startups.com/directory/s1seven/,Austria,Vienna,"Blockchain, Identity Management, Information Technology, Internet of Things, Precious Metals, Software Engineering",2019
Dejure Technologies,https://www.eu-startups.com/directory/dejure-technologies/,Austria,Klagenfurt,"Apps, Artificial Intelligence, Information Technology, Machine Learning",2019
DECIDEA,https://www.eu-startups.com/directory/decidea-make-good-decisions/,Austria,Vienna,"Apps, Consulting, Education, Finance",2019
Sarcura,https://www.eu-startups.com/directory/sarcura/,Austria,Klosterneuburg,"Biotechnology, Life Science, Semiconductor",2019
SignD Identity,https://www.eu-startups.com/directory/signd-identity-2/,Austria,Vienna,"Information Services, Information Technology",2019
CoLivi,https://www.eu-startups.com/directory/colivi/,Austria,Gasse,"Real Estate, Short Term Lease, Flexible Living",2019
Cloudomation,https://www.eu-startups.com/directory/cloudomation/,Austria,Vienna,"Information Technology, Machine Learning, Software",2019
CNQRCLUB,https://www.eu-startups.com/directory/cnqrclub/,Austria,Vienna,"Apps, Fitness, Internet, Sports",2019
Clean Code Software,https://www.eu-startups.com/directory/clean-code-software/,Austria,Raaba,"Computer, Consulting, Software",2019
Stresscoach,https://www.eu-startups.com/directory/stresscoach/,Austria,Vienna,"Health Care, mHealth, Mobile Apps, Software",2019
SynoptiCons,https://www.eu-startups.com/directory/synopticons/,Austria,Klagenfurt,"Analytics, Business Development, Consulting, Management Consulting",2019
SYN TRAC,https://www.eu-startups.com/directory/syn-trac/,Austria,Bad Goisern,Automotive,2019
Templeton Apus,https://www.eu-startups.com/directory/templeton-apus/,Austria,Vienna,"Business Intelligence, Digital Media, Health Care, Information and Communications Technology (ICT), Information Services, Mining, Oil and Gas, Pharmaceutical, Renewable Energy",2019
Warrify,https://www.eu-startups.com/directory/warrify/,Austria,Klosterneuburg,"Information Services, Information Technology, Software",2019
XKI GmbH,https://www.eu-startups.com/directory/xki-gmbh/,Austria,Vienna,"Blockchain, Internet of Things",2019
xuuluux,https://www.eu-startups.com/directory/xuuluux/,Austria,Salzburg,"Apps, Information Technology, Software",2019
Yolly,https://www.eu-startups.com/directory/yolly/,Austria,Vienna,"Accounting, Financial Services, FinTech",2019
Trackbar,https://www.eu-startups.com/directory/trackbar/,Austria,Vienna,"Spectator Sports, Fitness, Workout",2019
Circe BioTech,https://www.eu-startups.com/directory/circe-biotech/,Austria,Vienna,"protein, biodegradable plastic, gas, fermentation",2019
SOMAREALITY,https://www.eu-startups.com/directory/somareality/,Austria,Vienna,"Analytics, Health Care, Information Services, Life Science, Virtual Reality",2019
Techstory,https://www.eu-startups.com/directory/techstory-e-u/,Austria,Vienna,"marketing, communication, agile marketing",2019
Top TUtor,https://www.eu-startups.com/directory/top-tutor/,Austria,Austria,"tutors, students, marketplace",2019
COMMITLY,https://www.eu-startups.com/directory/commitly/,Austria,Vienna,"cash flow, management, finance",2019
AlbaJet Charter,https://www.eu-startups.com/directory/albajet-charter-gmbh/,"Austria,Germany",Klagenfurt,"private jet, booking platform, charter",2019
Money Finance Health Life,https://www.eu-startups.com/directory/money-finance-health-life/,Austria,Gulbarga,"money, finance, health",2019
Wavect,https://www.eu-startups.com/directory/wavect/,Austria,Innsbruck,"Mobile Development, Web Development, Usability & UX, Business Administration, and Soft Skills",2019
BotBase,https://www.eu-startups.com/directory/botbase/,Austria,Vienna,"AI, software, workflow, automation",2019
Trality,https://www.eu-startups.com/directory/trality/,Austria,Vienna,"Big Data, FinTech, Information Technology, Trading Platform",2019
Wowflow,https://www.eu-startups.com/directory/wowflow/,Austria,Vienna,"Facility Management, Software",2019
B.A.M Ticketing,https://www.eu-startups.com/directory/b-a-m-ticketing-gmbh/,Austria,Vienna,"blockchain, event, ticketing",2019
Autowhale,https://www.eu-startups.com/directory/autowhale/,Austria,Vienna,"crypto, market-making, SaaS, fintech",2019
Automated Software Testing,https://www.eu-startups.com/directory/automated-software-testing-gmbh/,Austria,Linz,"unit testing, test automation, software quality",2019
incaseof.law GmbH,https://www.eu-startups.com/directory/incaseof-law-gmbh/,Austria,Vienna,"digital, legal department, on demand",2019
3P-Pitch Partner Pandur,https://www.eu-startups.com/directory/3p-pitch-partner-pandur/,Austria,Vienna,"Pitch, Sales, Fundraising",2019
SignD Identity,https://www.eu-startups.com/directory/signd-identity/,Austria,Vienna,"Information Services, Information Technology, Internet",2019
Pixofarm,https://www.eu-startups.com/directory/pixofarm-2/,Austria,Vienna,"Agriculture, AgTech, Farming",2019
Greenwood-Power,https://www.eu-startups.com/directory/greenwood-power/,Austria,Rohrau,"Energy, Energy Management, Instrument",2019
FetoLife Science,https://www.eu-startups.com/directory/fetolife-science/,Austria,Vienna,"Apps, Health Care, Medical, mHealth, Personal Health, Women's",2019
DeepOpinion,https://www.eu-startups.com/directory/deepopinion/,Austria,Innsbruck,"Artificial Intelligence, Information Technology, Machine Learning, Natural Language Processing, SaaS, Software",2019
Codeversity,https://www.eu-startups.com/directory/codeversity/,Austria,Vienna,E-Learning,2019
Progeny,https://www.eu-startups.com/directory/progeny/,Austria,Vienna,"Apps, Consulting, Developer APIs",2019
qualityfox,https://www.eu-startups.com/directory/qualityfox/,Austria,Wieselburg,"Qualitätsmanagement, Interim-Management, Stellenbörse, Recruiting",2019
Xaleon,https://www.eu-startups.com/directory/xaleon/,Austria,Linz,"Customer Service, Enterprise Software, Messaging, SaaS, Sales, Software, Video Chat",2018
XUND,https://www.eu-startups.com/directory/xund/,Austria,Vienna,"Apps, Artificial Intelligence, Health Care, Health Diagnostics, Medical, mHealth, Personal Health",2018
Adatch,https://www.eu-startups.com/directory/adatch-2/,Austria,Vienna,"matchmaking, advertising, digital marketing",2018
Swarm Analytics,https://www.eu-startups.com/directory/swarm-analytics/,Austria,Tyrol,"AI, video analysis, algorithms, deep learning",2018
Frameless,https://www.eu-startups.com/directory/frameless/,Austria,Vienna,"AR, augmented reality, frameless",2018
IceKing,https://www.eu-startups.com/directory/iceking/,Austria,Wiener Neustadt,"tourism, travel, glaciers",2018
hi.health,https://www.eu-startups.com/directory/hi-health/,Austria,Vienna,"Health, Insurance, InsurTech",2018
Generation55plus.net,https://www.eu-startups.com/directory/generation55plus-net/,Austria,Kirchbach,"online, older generation, service",2018
Skillmill,https://www.eu-startups.com/directory/skillmill-gmbh/,Austria,Vienna,"social network, creative community",2018
InsectoCycle,https://www.eu-startups.com/directory/insectocycle/,Austria,Giessenberg,"Farming, Insects, Organic waste recycling",2018
myBioma,https://www.eu-startups.com/directory/mybioma/,Austria,Vienna,"Biotechnology, Health Diagnostics, Life Science",2018
Madgicx,https://www.eu-startups.com/directory/madgicx-2/,Austria,Viena,marketing automation,2018
VitreaLab,https://www.eu-startups.com/directory/vitrealab/,Austria,Vienna,"Manufacturing, Engineering, Deeptech",2018
ARIOT,https://www.eu-startups.com/directory/ariot/,Austria,Vienna,"building information modeling, augmented reality, construction, facility management",2018
YepOffers Austria,https://www.eu-startups.com/directory/yepoffers-austria/,Austria,Klagenfurt,,2018
Pocket Cocktails,https://www.eu-startups.com/directory/pocket-cocktails-2/,Austria,Vienna,"Cocktails, Delivery, Catering, Onlinestore, Events",2018
Fintune,https://www.eu-startups.com/directory/fintune-gmbh/,Austria,Vienna / Zürich,"edtech, social impact, fintech, parenting, financial Literacy, smarthome, openbanking, iot",2018
Sale Booster Solutions,https://www.eu-startups.com/directory/sale-booster-solutions-gmbh/,Austria,Wien,"sales, raise funds, Symbiosis",2018
Sheepblue,https://www.eu-startups.com/directory/sheepblue/,Austria,Vienna,"employee, scheduling, AI",2018
MyExpatTaxes,https://www.eu-startups.com/directory/myexpattaxes/,Austria,Vienna,"taxes, expats, tax returns, USA",2018
XRious,https://www.eu-startups.com/directory/xrious/,Austria,Wien,"AI, B2B, marketplace, AR, VR",2018
COMPASS,https://www.eu-startups.com/directory/compass/,Austria,Vienna,"tourists, travel, B2B, tourism",2018
DeepH,https://www.eu-startups.com/directory/deeph/,Austria,Vienna,"eHealth, Healthcare, Meditation app",2018
Chatvisor,https://www.eu-startups.com/directory/chatvisor/,Austria,Linz,"Customer Analytics, Customer Engagement Platform, SaaS, Customer Service",2018
Pocket Cocktails,https://www.eu-startups.com/directory/pocket-cocktails/,Austria,Vienna,"Cocktails, Delivery, To go, Vienna",2018
OncoOne,https://www.eu-startups.com/directory/oncoone/,Austria,Klosterneuburg,"BioTech, MedTech, eHealth, Therapeutics, OncoOne, Vienna",2018
Bobsla,https://www.eu-startups.com/directory/bobsla/,Austria,Innsbruck,"sports, ski, sports tech",2018
Morpher,https://www.eu-startups.com/directory/morpher/,Austria,Vienna,"Blockchain, FinTech, Software",2018
Involve.me,https://www.eu-startups.com/directory/involve-me/,Austria,Vienna,"B2B, Content Marketing, Digital Marketing, E-Commerce, Lead Generation",2018
Audvice,https://www.eu-startups.com/directory/audvice/,Austria,Salzburg,"Audio Corporate, EdTech, SaaS, Sales Software",2018
triply,https://www.eu-startups.com/directory/triply/,Austria,Linz,"Software,Truck Transportation ,IT information",2018
Bimspot,https://www.eu-startups.com/directory/bimspot/,Austria,Vienna,"Information Technology, Real Estate, Software",2018
CASHY,https://www.eu-startups.com/directory/cashy/,Austria,Vienna,"Financial Services, FinTech, Credit Fees",2018
HalloSophia.com,https://www.eu-startups.com/directory/hallosophia-com/,Austria,Linz,"Consulting, Digital Marketing, E-Commerce",2018
INNIO Group,https://www.eu-startups.com/directory/innio-group/,Austria,Tirol,"Energy, Manufacturing, Oil and Gas",2018
Happy Plates,https://www.eu-startups.com/directory/happy-plates/,Austria,Vienna,"Content Creators, Cooking, E-Commerce, Food Delivery, Publishing, Recipes",2018
OKTAV,https://www.eu-startups.com/directory/oktav/,Austria,Linz,"E-Learning, Media and Entertainment, Music, Music Education",2018
Orderlion,https://www.eu-startups.com/directory/orderlion/,Austria,Vienna,"Food and Beverage, Hospitality, SaaS, Supply Chain Management",2018
Monkee,https://www.eu-startups.com/directory/monkee/,Austria,Innsbruck,"Financial Services, FinTech, Machine Learning, Mobile Apps, Personal Finance",2018
StreamTV Media,https://www.eu-startups.com/directory/streamtv-media/,Austria,Steyr,"Online Games, Video, Video Streaming",2018
ilvi GmbH,https://www.eu-startups.com/directory/ilvi-gmbh/,Austria,Gleisdorf,"Health Care, Information Technology, Medical Device, mHealth, Software",2018
TTTech Auto,https://www.eu-startups.com/directory/tttech-auto/,Austria,Vienna,"Automotive, Autonomous Vehicles, Software",2018
Velonto,https://www.eu-startups.com/directory/velonto/,Austria,Linz,"Apps, Delivery Service, E-Commerce",2018
ImageBiopsy lab,https://www.eu-startups.com/directory/imagebiopsy-lab-2/,Austria,Vienna,"AI, imaging diagnostic, digital health",2017
ImageBiopsy lab,https://www.eu-startups.com/directory/imagebiopsy-lab/,Austria,Vienna,"AI, imaging diagnostic, digital health",2017
Altorum Leren,https://www.eu-startups.com/directory/altorum-leren/,Austria,Software,"loud Computing, UI/UX, Full Stack Development, IoT, Artificial Intelligence, Blockchain",2017
bsurance,https://www.eu-startups.com/directory/bsurance/,Austria,Vienna,"Insurtech, Fintech, Embedded Insurance, Digital Transformation, Digital Enabler",2017
Tubics,https://www.eu-startups.com/directory/tubics-2/,Austria,Vienna,"Advertising, SaaS, Software, Video, VideoEditing",2017
Point of New,https://www.eu-startups.com/directory/point-of-new-e-u/,Austria,Vienna,"Creativity, Innovation, Coaching, Consulting",2017
BALLDESIGNER,https://www.eu-startups.com/directory/balldesigner/,Austria,Gallspach,"Artificial Intelligence, Robotics, Sports",2017
Coachfox,https://www.eu-startups.com/directory/coachfox/,Austria,Vienna,"marketplace, coaching, experts",2017
LAMA App,https://www.eu-startups.com/directory/lama-app/,Austria,Vienna,"app, video, freemium",2017
Storyblok,https://www.eu-startups.com/directory/storyblok-3/,Austria,Linz,"headless cms, cms, content",2017
WisR GmbH,https://www.eu-startups.com/directory/wisr-gmbh/,Austria,Vienna,"elderly, demographic change",2017
Cleanhearing,https://www.eu-startups.com/directory/cleanhearing/,Austria,Spittal an der Drau,"tinnitus, health tech, medical devices, doctors, hearing aids, audiologists, healthcare, medical",2017
boomerank,https://www.eu-startups.com/directory/boomerank/,Austria,Wolkersdorf im Weinviertel,"SEO Tool, Marketing Automation Software",2017
Startaparat,https://www.eu-startups.com/directory/startaparat/,Austria,Vienna,"Communication, Digital Agency",2017
SHARK-Bike,https://www.eu-startups.com/directory/shark-bike/,Austria,Vienna,"Smart Mobility, Transportation, Smart Cities",2017
helloplant,https://www.eu-startups.com/directory/helloplant/,Austria,Vienna,"Plants, Sensor, Smart",2017
Timesheet,https://www.eu-startups.com/directory/timesheet/,Austria,Vienna,"Working hours, Tracking, Data",2017
MyNextGarage,https://www.eu-startups.com/directory/mynextgarage-gmbh/,Austria,Vienna,"Rental, Booking, Online",2017
AVILOO,https://www.eu-startups.com/directory/aviloo/,Austria,Biedermannsdorf,"Electric, Battery, Testing",2017
MoonVision,https://www.eu-startups.com/directory/moonvision/,Austria,Vienna,"Tracking, AI, Food",2017
Music Traveler,https://www.eu-startups.com/directory/music-traveler/,Austria,Vienna,"Music, Travel, Marketplace",2017
JetClass,https://www.eu-startups.com/directory/jetclass/,Austria,Vienna,"Travel, AI, data",2017
Blockpit,https://www.eu-startups.com/directory/blockpit/,Austria,Linz,"Cryptocurrency, Software, Digital",2017
Newsadoo,https://www.eu-startups.com/directory/newsadoo/,Austria,Linz,"News, Tech, Platform",2017
base.energy,https://www.eu-startups.com/directory/base-energy/,Austria,Vienna,"Solar, Energy, Power",2017
Farmdok,https://www.eu-startups.com/directory/farmdok/,Austria,Wieselburg,"Agritech, Agriculture, Mobile, Database",2017
Seven Seas Gear,https://www.eu-startups.com/directory/seven-seas-gear-gmbh/,Austria,Moosburg,"Dive, Scuba, B2B, B2C",2017
iDWELL,https://www.eu-startups.com/directory/idwell/,Austria,Vienna,"SaaS, CRM, proptech",2017
Tribe,https://www.eu-startups.com/directory/tribe/,Austria,Vienna,"Crowdinvesting, Platform, Invest",2017
proactivaudio,https://www.eu-startups.com/directory/proactivaudio/,Austria,Vienna,"Echo, Audio, B2B",2017
Hydroponic Fodder,https://www.eu-startups.com/directory/hydroponic-fodder/,Austria,Pakistan,"hydroponic, enhance, drought",2017
dinster.at,https://www.eu-startups.com/directory/dinster-at/,Austria,Wien,"recommendations, services",2017
QuickTaxi,https://www.eu-startups.com/directory/quicktaxi/,Austria,Vienna,"Aiport, Taxi, Vienna",2017
ToolSense,https://www.eu-startups.com/directory/toolsense/,Austria,Vienna,"IoT, Sensor Data Analytics, Powertools, Smart Construction",2017
PROCFIT,https://www.eu-startups.com/directory/procfit/,Austria,Vienna,"Procurement for Startups, Outsourcing, Supply Chain",2017
Discuto,https://www.eu-startups.com/directory/discuto/,Austria,Bisamberg,"decisions, govtech",2017
Sixfold,https://www.eu-startups.com/directory/sixfold/,Austria,Vienna,"Real-Time Logistics, Transportation, Shipping, Machine Learning",2017
reposée,https://www.eu-startups.com/directory/reposee/,Austria,Vienna,"Rental platform, Travel Tech",2017
Storyblok,https://www.eu-startups.com/directory/storyblok/,Austria,Linz,"CMS, Content Management System, SaaS, Visual Editor, Storyblok, Austria",2017
Mostly AI,https://www.eu-startups.com/directory/mostly-ai/,Austria,Vienna,"Artificial Intelligence, Big Data, Information Technology, Machine Learning",2017
ToolSense,https://www.eu-startups.com/directory/toolsense-2/,Austria,Vienna,"Artificial Intelligence, Cloud Computing, Information Technology, Internet of Things",2017
Storyblok,https://www.eu-startups.com/directory/storyblok-2/,Austria,Linz,"CMS, Information Technology, SaaS, Web Design, Web Development",2017
Bsurance,https://www.eu-startups.com/directory/bsurance-2/,Austria,Vienna,"Banking, Customer Service, FinTech, InsurTech, Retail",2017
Music Traveler,https://www.eu-startups.com/directory/music-traveler-2/,Austria,Vienna,"Marketplace, Media and Entertainment, Sharing Economy",2017
Newsadoo,https://www.eu-startups.com/directory/newsadoo-2/,Austria,Linz,"Artificial Intelligence, Internet of Things, News Publishing, Software",2017
Votre,https://www.eu-startups.com/directory/votre/,Austria,Vienna,"Journal, People, CRM",2017
hello again GmbH,https://www.eu-startups.com/directory/hello-again-gmbh/,Austria,Leonding,"IT, Mobile, Data,",2017
Testify GmbH,https://www.eu-startups.com/directory/testify-gmbh/,Austria,Linz,"checklist software, checklist, digitalization, digitaltransformation",2017
Allcyte,https://www.eu-startups.com/directory/allcyte/,Austria,Vienna,"Biotechnology, Health Diagnostics, Machine Learning, Pharmaceutical",2017
Finmatics,https://www.eu-startups.com/directory/finmatics/,Austria,Vienna,"Artificial Intelligence, Information Technology, Software",2017
Innerspace,https://www.eu-startups.com/directory/innerspace/,Austria,Wattens,Virtual Reality,2017
Leftshift One,https://www.eu-startups.com/directory/leftshift-one/,Austria,Graz,"Artificial Intelligence, Machine Learning",2017
Storebox,https://www.eu-startups.com/directory/storebox/,Austria,Vienna,"E-Commerce, IT Infrastructure, Logistics, Self-Storage, Warehousin",2016
Userbrain,https://www.eu-startups.com/directory/userbrain/,Austria,Graz,,2016
contextflow,https://www.eu-startups.com/directory/contextflow/,Austria,Vienna,"3D Technology, Artificial Intelligence, Medical",2016
CodeJob.at,https://www.eu-startups.com/directory/codejob-at/,Austria,Vienna,"job, developer, it",2016
APEX Ventures,https://www.eu-startups.com/directory/apex-ventures/,Austria,Vienna,"Business Intelligence, Cyber Security, Digital Media, FinTech, SaaS",2016
Waterdrop,https://www.eu-startups.com/directory/waterdrop/,Austria,Vienna,"Consumer Goods, Water, Water Purification",2016
enaible,https://www.eu-startups.com/directory/enaible/,Austria,Graz,"AI, image, analysis",2016
roomchooser,https://www.eu-startups.com/directory/roomchooser/,Austria,Vienna,"booking, travel, limited mobility",2016
Snapscreen,https://www.eu-startups.com/directory/snapscreen/,Austria,Vienna,"tv, content, viewers",2016
riskine,https://www.eu-startups.com/directory/riskine/,Austria,Vienna,,2016
pocketrocket studio,https://www.eu-startups.com/directory/pocketrocket-studio/,Austria,"Graz, Austria","game, mobile, marketing",2016
JobRocker,https://www.eu-startups.com/directory/jobrocker/,Austria,Vienna,"match, recruitment, job",2016
Stereosense,https://www.eu-startups.com/directory/stereosense/,Austria,Vienna,"VR, apps, content",2016
Steed Equine Monitoring Solutions,https://www.eu-startups.com/directory/steed-equine-monitoring-solutions-gmbh/,"Austria,Germany",Vienna,"biometric, horse, tracking",2016
Mimo,https://www.eu-startups.com/directory/mimo/,Austria,Vienna,"EdTech, Programming, e-Learning, Gamification",2016
GoStudent,https://www.eu-startups.com/directory/gostudent/,Austria,Vienna,"EdTech, Tutoring Platform, AI, Online Education",2016
SteadySense,https://www.eu-startups.com/directory/steadysense/,Austria,Seiersberg-Pirka,"Sensor Technologies, Temperature Measurement, MedTech",2016
Intellyo,https://www.eu-startups.com/directory/intellyo/,Austria,Vienna,"SEO, Content Marketing, Digital Transformation, Intellyo, Vienna",2016
Byrd,https://www.eu-startups.com/directory/byrd/,Austria,Vienna,"eCommerce, Logistics, Shipping, Byrd, Vienna",2016
7LYTIX,https://www.eu-startups.com/directory/7lytix/,Austria,Linz,Applied AI for Business,2016
ROIFORCIO GmbH,https://www.eu-startups.com/directory/roiforcio-gmbh/,Austria,Vienna,"Sales Tools, Web service, mobile application, online presentations, lead generation, outreach",2016
Roulette77,https://www.eu-startups.com/directory/roulette77/,Austria,Vienna,"Roulette, Spiel, Glücksspiel",2016
Kivu Technologies,https://www.eu-startups.com/directory/kivu-technologies/,Austria,Vienna,"Information Services, Information Technology, Software",2016
nymea.io,https://www.eu-startups.com/directory/nymea-io/,Austria,Vienna,"Information Technology, Internet of Things, Service Industry, Software",2016
Playerhunter,https://www.eu-startups.com/directory/playerhunter/,Austria,Vienna,"eSports, Fantasy Sports, Social Network, Sports",2016
Fretello,https://www.eu-startups.com/directory/fretello/,Austria,Linz,"Apps, Artificial Intelligence, E-Learning, EdTech, Education, Machine Learning, Mobile, Music, Music Education, Software",2016
tubics,https://www.eu-startups.com/directory/tubics/,Austria,"Vienna, Wien","Advertising, SaaS, Software, Video, Video Editing",2016
Evologic Technologies,https://www.eu-startups.com/directory/evologic-technologies/,Austria,"Vienna, Wien","Computer, Electronics, Information Technology",2016
Enpulsion,https://www.eu-startups.com/directory/enpulsion/,Austria,"Wiener Neustadt, Niederosterreich","Aerospace, Intelligent Systems",2016
Hydrogrid,https://www.eu-startups.com/directory/hydrogrid/,Austria,Vienna,"Energy, Energy Efficiency, Power Grid, Renewable Energy, SaaS, Software",2016
Schrott24,https://www.eu-startups.com/directory/schrott24/,Austria,Graz,"Apps, Internet, Marketplace, Mobile Apps, Web Apps",2016
SteadySense,https://www.eu-startups.com/directory/steadysense-2/,Austria,Graz,"Artificial Intelligence, Fertility, Health Care, Medical, Medical Device, mHealth, Personal Health, Software, Wearables, Women's",2016
LAMIE,https://www.eu-startups.com/directory/lamie/,Austria,Linz,"InsurTECH, embedded insurance, FinTECH",2015
PRIKK:The next level of Crowdfunding,https://www.eu-startups.com/directory/prikkthe-next-level-of-crowdfunding/,Austria,Vienna,"community, finance, innovation",2015
WEBCP,https://www.eu-startups.com/directory/webcp/,Austria,Linz,"webdesign, SEO",2015
baningo.com,https://www.eu-startups.com/directory/baningo-com/,Austria,Vienna,"retail, banking, sales",2015
Knoyd,https://www.eu-startups.com/directory/knoyd/,Austria,Vienna,"data, profit, data science",2015
Daibau,https://www.eu-startups.com/directory/daibau-gmbh/,Austria,Graz,"construction, real estate, marketplaces",2015
App Radar,https://www.eu-startups.com/directory/app-radar/,Austria,Graz,"marketing, app, developers",2015
TeamEcho,https://www.eu-startups.com/directory/teamecho/,Austria,Linz,"SaaS, HR Tech, b2b, Leadership",2015
Adverity,https://www.eu-startups.com/directory/adverity/,Austria,Vienna,"data, customers, brands",2015
cashpresso,https://www.eu-startups.com/directory/cashpresso/,Austria,Vienna,"payment, transfer, money",2015
LeadInvest,https://www.eu-startups.com/directory/leadinvest/,Austria,Vienna,"real estate, investment, property",2015
Waytation,https://www.eu-startups.com/directory/waytation/,Austria,Vienna,"event, organizers, visitors",2015
Hokify,https://www.eu-startups.com/directory/hokify/,Austria,Vienna,"tourism, placements, staff",2015
Medicus,https://www.eu-startups.com/directory/medicus/,Austria,Vienna,"health, ai, medtech",2015
Bikemap,https://www.eu-startups.com/directory/bikemap/,Austria,Vienna,"cycling, maps, navigation",2015
CorpLife,https://www.eu-startups.com/directory/corplife/,Austria,Vienna,"expense, savings, assistant",2015
Leichtgemacht,https://www.eu-startups.com/directory/leichtgemacht/,Austria,Vienna,"comparison, crafts, prices",2015
Hanfgarten,https://www.eu-startups.com/directory/hanfgarten/,Austria,Graz,"Retail, CBD products, Cannabis Accessories",2015
ForTunes,https://www.eu-startups.com/directory/fortunes/,Austria,Vienna,"Music Tech, Music Data Analytic, Music Creation",2015
Ubiq,https://www.eu-startups.com/directory/ubiq/,Austria,Vienna,"Mobility, AI, Parkbob, Ubiq, Vienna",2015
PowUnity,https://www.eu-startups.com/directory/powunity/,Austria,Österreich,"Sport Tech, NeverLose, GPS, Location tracker, PowUnity, Österreich",2015
Playbrush,https://www.eu-startups.com/directory/playbrush/,Austria,"Vienna, London","mHealth, Mobile Gaming, Gamification, Playbrush, Vienna",2015
Gronda,https://www.eu-startups.com/directory/gronda/,Austria,Tirol,"Hospitality, Gastronomie, HR Tech, Connecting Professionals, Gronda, Tirol",2015
PAYUCA,https://www.eu-startups.com/directory/payuca/,Austria,Vienna,"IoT, Mobility, Parking, PAYUCA, Vienna",2015
Presono,https://www.eu-startups.com/directory/presono/,Austria,Linz,"Presentation, Design, Analytics, Presono, Austria",2015
x.news,https://www.eu-startups.com/directory/x-news/,Austria,Pinkafeld,"News, Digital Media, Research, Aggregate, Information Monitoring, Marketing",2015
Medicus AI,https://www.eu-startups.com/directory/medicus-ai/,Austria,Vienna,"Analytics, Artificial Intelligence, Health Diagnostics, Intelligent Systems, Medical, Predictive Analytics",2015
ready2order,https://www.eu-startups.com/directory/ready2order/,Austria,Vienna,"Financial Services, FinTech, Mobile Payments, Payments, Software",2015
Ease-Link,https://www.eu-startups.com/directory/ease-link/,Austria,Graz,"Automotive, Industrial Automation",2015
Healcloud,https://www.eu-startups.com/directory/healcloud/,Austria,Vienna,"Big Data, Health Care",2015
Bikemap,https://www.eu-startups.com/directory/bikemap-2/,Austria,Vienna,"Navigation, Sports, Travel",2015
Rendity,https://www.eu-startups.com/directory/rendity/,Austria,Vienna,"Finance, Financial Services, Real Estate",2015
Ubiq.ai,https://www.eu-startups.com/directory/ubiq-ai/,Austria,Vienna,"Autonomous Vehicles, Car Sharing, Internet, Last Mile Transportation, Parking, Sensor, Smart Cities, Software, Transportation",2015
Vira Therapeutics,https://www.eu-startups.com/directory/vira-therapeutics/,Austria,Innsbruck,"Biotechnology, Health Care, Medical, Therapeutics",2015
Bitpanda,https://www.eu-startups.com/directory/bitpanda-2/,Austria,Vienna,"Bitcoin, Blockchain, Cryptocurrency, FinTech",2014
Storyclash,https://www.eu-startups.com/directory/storyclash/,Austria,Linz,"analytics, social media, real time",2014
Tapkey,https://www.eu-startups.com/directory/tapkey-gmbh/,Austria,"Vienna, Austria","Smart Home, Smart Keys, Locking Devices",2014
USound,https://www.eu-startups.com/directory/usound/,Austria,Graz,"Audio Platform, SoundTech, Micro Speakers",2014
Bitpanda,https://www.eu-startups.com/directory/bitpanda/,Austria,Vienna,"Retail, Cryptocurrency, FinTech",2014
CheckYeti,https://www.eu-startups.com/directory/checkyeti/,Austria,Vienna,"Travel Tech, Comparing and Booking Platform, Winter Activities",2014
Finnest,https://www.eu-startups.com/directory/finnest/,Austria,Vienna,"FinTech, Lending Platform, Invest, Financing",2014
Cyberith,https://www.eu-startups.com/directory/cyberith/,Austria,Vienna,"VR, Gaming, Virtualizer, Cyberith, Vienna",2014
Nuki,https://www.eu-startups.com/directory/nuki/,Austria,Graz,"Nuki, Smart Home, Smart Lock, IoT, Home Solutions, Graz",2014
Global Rockstar,https://www.eu-startups.com/directory/global-rockstar/,Austria,Vienna,"Music Tech, Marketplace, Fundraising, Global Rockstar, Vienna",2014
Journi,https://www.eu-startups.com/directory/journi/,Austria,Vienna,"TravelTech, AI, Photo Album, Blogging, Printing, Design, Journi, Vienna",2014
Zizoo,https://www.eu-startups.com/directory/zizoo-2/,Austria,Vienna,"TraveTech, Boat Rental Platform, Sailing, Zizoo, Vienna, Berlin",2014
flight4sale.com,https://www.eu-startups.com/directory/flight4sale-com/,Austria,Innsbruck,,2014
Breathe ilo,https://www.eu-startups.com/directory/breathe-ilo/,Austria,Graz,"Healthcare, Lifestyle, Personal Health",2014
StartUs Insights,https://www.eu-startups.com/directory/startus-insights/,Austria,Vienna,"Saas, data science, innovation intelligence, innovation scouting, startup scouting, business intelligence",2014
Evermede,https://www.eu-startups.com/directory/evermede/,Austria,Vienna,"Business Intelligence, Digital Media, SaaS, Social Media, Software",2014
Platomics,https://www.eu-startups.com/directory/platomics/,Austria,Vienna,"Health Care, Information Technology, Software",2014
Rouge H2 Engineering,https://www.eu-startups.com/directory/rouge-h2-engineering/,Austria,Graz,"Industrial, Infrastructure, Intelligent Systems",2014
IXOPAY,https://www.eu-startups.com/directory/ixopay/,Austria,Vienna,"B2B, E-Commerce, Enterprise Software, Financial Services, FinTech, Mobile Payments, SaaS, Software",2014
Eologix,https://www.eu-startups.com/directory/eologix/,Austria,Graz,"Apps, Fitness, Sports",2014
Luke Roberts,https://www.eu-startups.com/directory/luke-roberts/,Austria,Vienna,"Consumer Electronics, Lighting, Smart Home",2014
USound,https://www.eu-startups.com/directory/usound-2/,Austria,Graz,"Audio, Electronics, Semiconductor, Wearables",2014
Graspskills,https://www.eu-startups.com/directory/graspskills/,Austria,Vienna,"training products, IT services, education",2013
dieNanny.at,https://www.eu-startups.com/directory/dienanny-at/,Austria,Aschbach,"Social Network, Family Tech, Child Care",2013
Quest Global Technologies,https://www.eu-startups.com/directory/quest-global-technologies/,Austria,Tempe,"blockchain development ,blockchain application development company,blockchain development",2013
Usersnap,https://www.eu-startups.com/directory/usersnap/,Austria,"Perg, Austria","Feedback solutions, Screenshots, SaaS",2013
Crate.io,https://www.eu-startups.com/directory/crate-io/,Austria,Dornbirn,"Database Management, Open Source, Docker, SQL, Edge Computing",2013
Hello Stage,https://www.eu-startups.com/directory/hello-stage/,Austria,Vienna,"Music Tech, Entertainment, Online Community, Classical Music",2013
Robo Wunderkind,https://www.eu-startups.com/directory/robo-wunderkind/,Austria,Vienna,"Robotics, Kids Tech, EdTech, PlayTech",2013
Keyper,https://www.eu-startups.com/directory/keyper/,Austria,Wiener Neustadt,"SaaS, White Label, Ticketing, Events, Keyper, Wiener Neustadt",2013
Smashcast,https://www.eu-startups.com/directory/smashcast/,Austria,Vienna,"Smashcast, Vienna",2013
PlanRadar,https://www.eu-startups.com/directory/planradar/,Austria,Vienna,"SaaS, PropTech, Construction, Real Estate, PlanRadar, Vienna, London",2013
Anyline,https://www.eu-startups.com/directory/anyline/,Austria,Vienna,"Augmented Reality, AI, Anyline, Vienna",2013
Angermann IT-Services GmbH,https://www.eu-startups.com/directory/angermann-it-services-gmbh/,Austria,Vienna,"Web,Development,SEO",2012
Tractive,https://www.eu-startups.com/directory/tractive/,Austria,Linz,"Pet tech, GPS & Health Tracker",2012
Kompany,https://www.eu-startups.com/directory/kompany/,Austria,Vienna,"B2B ,FinTech, GovTech, Information Services, Information Technology",2012
LingoHub,https://www.eu-startups.com/directory/lingohub/,Austria,Linz,"Translation Management Software, Web Development",2012
bitmovin,https://www.eu-startups.com/directory/bitmovin/,Austria,Klagenfurt,"Multimedia, HR Tech, Communication Tools",2012
Samyak Buildcon,https://www.eu-startups.com/directory/samyak-buildcon/,Austria,Ahmedabad,Plot in Dholera SIR,2012
kompany,https://www.eu-startups.com/directory/kompany-2/,Austria,Vienna,"RegTech, business Verification, Business KYC",2012
MySugr,https://www.eu-startups.com/directory/mysugr/,Austria,Vienna,"Diabetes, eHealth, Healthcare, MySugr, Vienna",2012
NGOJobs,https://www.eu-startups.com/directory/ngojobs/,Austria,Vienna,"HR Tech, NGO, Job Board",2012
INISMO,https://www.eu-startups.com/directory/inismo/,Austria,Klagenfurt,"Funding Platform, Investment Management, FinTech",2011
TourRadar,https://www.eu-startups.com/directory/tourradar/,Austria,Vienna,"TravelTech, Travel Marketplace, River Cruises, TourRadar, Vienna",2010
TextUnited,https://www.eu-startups.com/directory/textunited/,Austria,Vienna,"Platform, Translation, Translation Service, Enterprise Software, Localization",2009
Text United,https://www.eu-startups.com/directory/text-united/,Austria,"Vienna, Austria","Translation Software, Language tech, Integration Tool",2009
smaXtec animal care,https://www.eu-startups.com/directory/smaxtec-animal-care-gmbh/,Austria,Graz,"FarmTech, Animal Healthcare, MedTech",2009
Runtastic,https://www.eu-startups.com/directory/runtastic/,Austria,Linz,"Activity Tracker, Fitness app, Healthcare",2009
toolani,https://www.eu-startups.com/directory/toolani/,Austria,Vienna,"Online Calls Software, Connectivity, Telecom",2008
Matchoffice Österreich,https://www.eu-startups.com/directory/matchoffice-osterreich/,Austria,Wien,"Office rentals, Business centres",2008
Kununu,https://www.eu-startups.com/directory/kununu/,Austria,Vienna,"Anonymous Feedback, Companies Rating, Reviews Platform",2007
MatchOffice.at / Shared Space Wien,https://www.eu-startups.com/directory/matchoffice-at-shared-space-wien/,Austria,Wien,"coworking, office, austria",2004
